ano,codigo_escola,taxa_aprovacao,taxa_reprovacao,taxa_abandono,media_alunos_fund,media_alunos_ai,media_alunos_af,QT_MAT_FUND,QT_MAT_FUND_AI,QT_MAT_FUND_AF,QT_DOC_FUND,QT_DOC_FUND_AI,QT_DOC_FUND_AF,QT_TUR_FUND,QT_TUR_FUND_AI,QT_TUR_FUND_AF,IN_ESGOTO_REDE_PUBLICA,IN_BIBLIOTECA,IN_LABORATORIO_INFORMATICA,IN_INTERNET,IN_BANDA_LARGA,IN_ACESSIBILIDADE_RAMPAS
2018,43000479,91.7,8.3,0.0,6.0,,,12,12,0,2,0,2,2,0,2,1,0,0,0,0.0,0
2018,43001254,100.0,0.0,0.0,1.5,1.0,,3,3,0,2,1,1,2,1,1,0,0,0,0,0.0,0
2018,43005047,100.0,0.0,0.0,3.0,,,6,6,0,2,0,2,2,0,2,0,0,0,0,0.0,0
2018,43048200,78.0,22.0,0.0,26.9,26.0,29.0,350,234,116,23,15,8,13,9,4,1,1,1,1,1.0,0
2018,43104932,88.5,11.5,0.0,24.7,20.0,28.0,296,100,196,50,11,39,12,5,7,1,1,1,1,1.0,0
2018,43105009,96.2,3.8,0.0,26.4,,26.4,449,0,449,53,0,53,17,0,17,1,1,1,1,1.0,0
2018,43105246,91.9,8.1,0.0,21.3,21.3,,128,128,0,10,10,0,6,6,0,1,1,1,1,1.0,0
2018,43105386,74.6,25.4,0.0,23.7,27.8,21.1,308,139,169,17,4,13,13,5,8,1,0,0,1,1.0,0
2018,43105394,70.5,26.3,3.2,23.6,26.7,21.3,165,80,85,8,3,5,7,3,4,1,0,0,1,1.0,0
2018,43105440,81.9,18.1,0.0,25.6,24.5,27.3,897,515,382,47,30,26,35,21,14,1,1,1,1,1.0,0
2018,43105459,73.0,27.0,0.0,26.3,27.7,24.8,500,277,223,26,15,15,19,10,9,1,1,1,1,1.0,0
2018,43105467,84.3,15.6,0.1,22.8,21.8,24.4,639,371,268,44,28,21,28,17,11,1,1,1,1,1.0,0
2018,43105475,86.1,13.9,0.0,28.1,27.8,28.5,814,444,370,39,23,20,29,16,13,1,1,1,1,1.0,0
2018,43105483,74.3,25.7,0.0,25.8,25.6,26.1,1006,615,391,54,33,27,39,24,15,1,1,1,1,1.0,0
2018,43105491,73.9,26.1,0.0,24.4,24.8,23.8,708,446,262,38,26,18,29,18,11,1,1,1,1,1.0,0
2018,43105505,90.4,9.2,0.4,26.7,25.6,28.2,802,436,366,51,28,27,30,17,13,1,1,1,1,1.0,0
2018,43105513,76.0,24.0,0.0,23.8,23.8,24.9,499,320,179,31,21,17,21,13,8,1,1,1,1,1.0,0
2018,43105521,89.1,10.3,0.6,24.3,24.6,23.8,485,271,214,33,18,18,20,11,9,1,1,1,1,1.0,0
2018,43105530,90.3,9.5,0.2,25.8,25.7,25.8,515,257,258,35,20,19,20,10,10,1,1,1,1,1.0,0
2018,43105548,79.6,20.4,0.0,25.8,26.0,25.6,981,545,436,47,28,25,38,21,17,1,1,1,1,1.0,0
2018,43105564,91.6,8.4,0.0,17.3,17.3,,156,156,0,13,13,0,9,9,0,1,0,0,1,1.0,0
2018,43105580,79.2,20.8,0.0,23.8,20.4,26.1,285,102,183,23,5,18,12,5,7,1,0,0,1,1.0,0
2018,43105742,79.2,17.6,3.2,22.6,20.4,27.0,271,148,123,14,5,9,12,7,5,1,1,1,1,1.0,0
2018,43105750,77.3,22.7,0.0,17.4,17.8,16.7,157,107,50,13,6,7,9,6,3,1,1,1,1,1.0,0
2018,43105769,83.3,15.6,1.1,23.4,19.5,25.4,281,78,203,22,4,18,12,4,8,1,1,1,1,1.0,0
2018,43105785,73.1,26.9,0.0,25.2,19.5,33.0,479,215,264,25,9,16,19,11,8,1,1,1,1,0.0,0
2018,43105793,73.4,26.6,0.0,18.6,17.7,20.0,186,106,80,11,4,7,10,6,4,1,1,1,1,1.0,0
2018,43105807,76.8,22.0,1.2,25.9,23.3,28.7,751,256,495,41,8,33,29,11,18,1,1,1,1,1.0,0
2018,43105815,77.7,18.8,3.5,20.7,18.9,22.5,414,189,225,19,6,13,20,10,10,0,1,0,1,0.0,0
2018,43105823,75.9,23.7,0.4,21.2,19.6,24.1,424,255,169,19,10,9,20,13,7,0,1,0,1,1.0,0
2018,43105831,84.6,15.4,0.0,20.4,18.5,23.6,653,370,283,31,14,17,32,20,12,1,1,0,1,1.0,0
2018,43105840,76.1,23.9,0.0,16.0,16.6,15.3,144,83,61,11,4,7,9,5,4,1,1,1,0,0.0,0
2018,43105858,90.3,9.4,0.3,20.3,18.5,21.3,324,111,213,22,5,17,16,6,10,1,1,1,1,1.0,0
2018,43105866,79.6,20.4,0.0,22.1,21.0,23.7,530,273,257,23,8,15,24,13,11,1,1,0,1,1.0,0
2018,43105874,91.8,7.6,0.6,25.4,24.2,27.0,533,290,243,30,12,19,21,12,9,1,1,1,1,1.0,0
2018,43105882,84.3,13.0,2.7,25.6,23.1,29.0,716,347,369,25,9,16,28,15,13,1,0,0,1,1.0,0
2018,43105890,81.4,18.6,0.0,21.5,21.0,22.2,280,147,133,16,6,10,13,7,6,1,1,1,1,1.0,0
2018,43105904,78.9,21.1,0.0,21.3,21.2,21.3,405,191,214,18,6,12,19,9,10,1,0,0,1,1.0,0
2018,43105920,81.3,18.7,0.0,19.7,21.2,17.8,177,106,71,14,5,9,9,5,4,1,1,1,1,1.0,0
2018,43105939,83.4,16.6,0.0,18.9,20.7,12.5,170,145,25,18,15,7,9,7,2,1,1,0,1,1.0,0
2018,43105947,63.2,31.6,5.2,8.8,6.2,12.0,79,31,48,15,5,10,9,5,4,1,1,0,0,0.0,0
2018,43105963,67.1,32.9,0.0,14.8,14.8,,148,148,0,7,7,0,10,10,0,1,0,0,1,1.0,0
2018,43105971,68.6,24.5,6.9,14.1,13.0,15.3,113,52,61,12,4,8,8,4,4,1,1,1,1,1.0,0
2018,43105980,77.0,23.0,0.0,15.7,14.4,17.3,141,72,69,13,4,9,9,5,4,1,1,1,1,1.0,0
2018,43105998,91.7,8.3,0.0,25.5,24.6,26.6,459,246,213,23,10,13,18,10,8,1,1,1,1,1.0,0
2018,43106005,79.6,18.7,1.7,25.0,24.4,25.8,651,341,310,26,10,16,26,14,12,1,0,1,1,1.0,0
2018,43106013,68.2,29.5,2.3,11.6,11.2,12.0,104,56,48,10,5,5,9,5,4,1,1,1,1,1.0,0
2018,43106021,81.7,17.9,0.4,21.1,22.8,19.9,253,114,139,19,5,14,12,5,7,1,1,1,1,1.0,0
2018,43106030,70.1,29.9,0.0,20.2,19.9,20.7,283,159,124,16,6,10,14,8,6,1,1,1,1,1.0,0
2018,43106048,79.5,20.5,0.0,25.8,23.3,29.1,646,326,320,28,9,19,25,14,11,1,0,0,1,1.0,0
2018,43106056,66.7,33.3,0.0,23.1,22.2,24.3,208,111,97,14,5,9,9,5,4,1,0,0,1,1.0,0
2018,43106072,82.4,17.6,0.0,23.3,24.4,22.4,373,171,202,22,6,16,16,7,9,1,1,1,1,1.0,0
2018,43106080,84.0,14.8,1.2,20.4,21.6,19.0,265,151,114,17,7,10,13,7,6,1,1,0,1,1.0,0
2018,43106099,71.6,28.4,0.0,22.6,21.2,24.1,429,212,217,20,7,13,19,10,9,1,1,1,1,1.0,0
2018,43106102,93.7,5.1,1.2,16.6,16.6,,83,83,0,5,5,0,5,5,0,1,1,1,1,1.0,0
2018,43106110,88.0,12.0,0.0,23.6,22.6,24.6,472,226,246,18,6,12,20,10,10,0,1,1,1,1.0,0
2018,43106129,80.7,19.3,0.0,19.2,19.0,19.7,346,228,118,15,8,7,18,12,6,1,1,0,1,1.0,0
2018,43106137,86.1,10.1,3.8,14.5,12.3,17.0,217,98,119,16,6,10,15,8,7,1,0,1,1,1.0,0
2018,43106145,77.6,22.1,0.3,23.0,24.0,22.4,391,193,198,21,7,14,17,8,9,1,1,1,1,0.0,0
2018,43106153,73.8,26.0,0.2,24.4,22.8,26.8,487,273,214,19,10,9,20,12,8,1,0,0,1,1.0,0
2018,43106161,87.0,12.7,0.3,25.1,24.0,25.9,301,120,181,20,5,15,12,5,7,1,1,1,1,1.0,0
2018,43106170,87.0,10.7,2.3,19.2,18.8,19.6,192,94,98,14,5,9,10,5,5,1,1,1,1,1.0,0
2018,43106188,81.1,18.9,0.0,24.1,21.6,26.7,434,194,240,14,7,7,18,9,9,0,1,1,1,1.0,0
2018,43106196,78.4,21.2,0.4,23.6,22.3,26.8,848,469,379,47,16,31,36,21,15,1,0,0,1,1.0,0
2018,43106200,81.5,18.5,0.0,16.6,17.8,15.0,149,89,60,13,5,8,9,5,4,1,1,1,1,1.0,0
2018,43106218,76.7,22.7,0.6,24.1,22.6,26.3,410,226,184,19,7,12,17,10,7,1,1,1,1,1.0,0
2018,43106226,86.4,13.6,0.0,11.1,11.8,10.3,78,47,31,11,4,7,7,4,3,1,1,0,1,0.0,0
2018,43106234,72.6,27.4,0.0,21.6,19.4,23.8,216,97,119,12,4,8,10,5,5,1,0,0,1,1.0,0
2018,43106242,83.8,16.2,0.0,24.3,24.2,25.0,461,245,216,21,7,14,19,10,9,0,1,0,1,1.0,0
2018,43106250,73.4,26.4,0.2,24.7,24.2,25.4,444,266,178,17,7,10,18,11,7,1,1,1,1,0.0,0
2018,43106277,72.7,20.1,7.2,22.3,20.1,24.8,424,201,223,22,8,14,19,10,9,1,1,1,1,1.0,0
2018,43106293,78.4,19.9,1.7,27.1,24.0,30.2,542,240,302,19,6,13,20,10,10,0,1,1,1,1.0,0
2018,43106307,64.1,32.7,3.2,17.7,18.0,17.3,159,90,69,13,5,8,9,5,4,1,1,1,1,1.0,0
2018,43106315,88.8,10.6,0.6,20.7,20.3,21.0,352,142,210,19,5,14,17,7,10,1,0,1,1,1.0,0
2018,43106323,91.6,7.5,0.9,22.6,22.7,22.5,316,251,65,15,10,5,14,11,3,1,1,1,1,1.0,0
2018,43106331,72.4,27.6,0.0,17.8,17.3,21.0,142,121,21,10,6,4,8,7,1,1,1,1,1,1.0,0
2018,43106340,79.7,19.8,0.5,19.4,19.2,19.6,233,96,137,19,5,14,12,5,7,1,1,1,1,1.0,0
2018,43106358,69.0,30.3,0.7,20.9,21.3,20.5,146,64,82,12,3,9,7,3,4,1,1,0,1,1.0,0
2018,43106366,76.3,23.6,0.1,22.8,21.4,25.9,729,395,334,24,11,13,32,18,14,1,0,0,1,1.0,0
2018,43106374,82.5,15.3,2.2,22.1,21.3,22.9,620,323,297,31,13,18,28,15,13,1,1,1,1,1.0,0
2018,43106382,82.7,17.3,0.0,17.8,17.8,,107,107,0,5,5,0,6,6,0,1,1,1,1,1.0,0
2018,43106390,97.4,0.0,2.6,17.8,17.6,18.0,160,88,72,16,5,11,9,5,4,1,1,1,1,1.0,0
2018,43106404,68.6,20.0,11.4,12.7,,12.7,38,0,38,7,0,7,3,0,3,1,0,0,1,1.0,0
2018,43106412,78.9,17.8,3.3,20.3,18.6,22.5,183,93,90,9,3,6,9,5,4,1,1,1,1,1.0,0
2018,43106420,72.6,19.5,7.9,22.7,23.7,22.0,318,142,176,21,6,15,14,6,8,1,1,1,1,1.0,0
2018,43106439,72.8,22.1,5.1,27.2,24.9,30.3,572,299,273,24,8,16,21,12,9,1,1,1,1,1.0,0
2018,43106447,96.1,2.8,1.1,17.9,17.6,18.3,287,141,146,18,7,11,16,8,8,1,1,1,1,1.0,0
2018,43106455,80.2,19.6,0.2,19.0,17.1,21.5,399,176,223,23,9,15,21,10,11,1,1,1,1,1.0,0
2018,43106463,86.4,13.6,0.0,22.4,19.3,26.1,447,212,235,23,8,15,20,11,9,1,0,0,1,1.0,0
2018,43106480,74.9,25.1,0.0,24.8,23.3,27.5,520,279,241,23,9,16,21,12,9,0,0,0,0,0.0,0
2018,43106498,84.4,15.4,0.2,26.5,24.1,28.9,530,241,289,28,9,19,20,10,10,1,1,1,1,1.0,0
2018,43106501,90.3,8.8,0.9,23.9,22.9,25.1,430,229,201,24,10,14,18,10,8,1,1,1,1,1.0,0
2018,43106528,86.9,12.9,0.2,20.2,16.8,24.4,363,168,195,22,9,13,18,10,8,1,1,1,1,1.0,0
2018,43106536,68.7,31.3,0.0,14.9,13.4,16.8,134,67,67,9,4,5,9,5,4,0,1,0,1,0.0,0
2018,43106544,82.7,15.7,1.6,26.1,24.5,28.5,261,147,114,11,6,6,10,6,4,1,1,0,1,1.0,0
2018,43106552,79.7,20.3,0.0,17.9,17.1,18.4,304,155,149,22,8,14,17,9,8,1,1,1,1,1.0,0
2018,43106560,73.7,25.4,0.9,22.2,20.9,23.5,467,209,258,22,8,15,21,10,11,1,1,1,1,1.0,0
2018,43106587,89.1,10.9,0.0,27.6,24.3,31.8,497,243,254,25,9,18,18,10,8,1,1,1,1,0.0,0
2018,43106595,93.5,6.5,0.0,24.7,23.9,25.5,371,167,204,24,7,17,15,7,8,1,1,1,1,0.0,0
2018,43106609,74.4,25.2,0.4,20.1,20.2,20.0,342,202,140,19,6,13,17,10,7,1,0,1,1,1.0,0
2018,43106617,71.4,28.6,0.0,17.3,17.3,17.2,259,156,103,18,8,10,15,9,6,1,1,1,1,1.0,0
2018,43106625,69.9,29.7,0.4,20.1,20.0,20.2,221,120,101,16,6,10,11,6,5,1,1,1,1,1.0,0
2018,43106641,82.0,16.6,1.4,23.8,22.5,25.3,523,270,253,19,9,11,22,12,10,1,0,0,0,0.0,0
2018,43106650,96.0,4.0,0.0,20.8,20.8,,104,104,0,6,6,0,5,5,0,1,1,1,1,1.0,0
2018,43106668,73.1,26.9,0.0,18.1,16.7,19.3,127,50,77,11,3,8,7,3,4,1,0,0,1,1.0,0
2018,43106676,89.7,10.3,0.0,17.0,16.4,17.7,323,164,159,22,9,13,19,10,9,1,1,1,1,1.0,0
2018,43106684,75.6,22.2,2.2,11.1,11.8,10.5,89,47,42,11,4,7,8,4,4,1,1,1,1,1.0,0
2018,43106692,85.2,14.8,0.0,17.2,17.1,18.0,275,239,36,13,8,5,16,14,2,1,0,1,1,0.0,0
2018,43106706,78.4,21.1,0.5,19.5,19.0,21.3,254,190,64,16,10,6,13,10,3,1,1,1,1,1.0,0
2018,43106714,69.5,30.5,0.0,24.1,24.4,23.5,409,268,141,19,10,11,17,11,6,1,0,1,1,1.0,0
2018,43106722,89.5,9.1,1.4,23.7,23.0,24.5,426,230,196,22,8,14,18,10,8,1,1,0,0,0.0,0
2018,43106749,88.0,12.0,0.0,17.0,,,34,34,0,2,0,2,2,0,2,0,0,0,0,0.0,0
2018,43106757,79.1,13.9,7.0,13.2,14.8,11.3,119,74,45,18,12,9,9,5,4,1,1,1,1,1.0,0
2018,43106765,75.2,22.6,2.2,26.1,24.6,28.1,731,394,337,31,11,20,28,16,12,1,1,1,0,0.0,0
2018,43106773,94.0,6.0,0.0,21.8,21.8,,174,174,0,7,7,0,8,8,0,1,1,0,1,1.0,0
2018,43106781,71.8,27.4,0.8,26.1,25.1,27.2,679,326,353,33,12,21,26,13,13,1,1,1,1,1.0,0
2018,43106790,81.3,17.8,0.9,22.4,19.7,25.8,403,197,206,26,7,19,18,10,8,1,1,1,1,0.0,0
2018,43106803,82.8,17.2,0.0,21.3,19.8,23.7,384,218,166,18,9,9,18,11,7,1,1,1,1,1.0,0
2018,43106811,83.9,15.5,0.6,18.0,20.6,14.8,162,103,59,12,5,8,9,5,4,1,1,1,1,1.0,0
2018,43106820,70.6,29.4,0.0,21.4,21.1,21.8,342,211,131,16,8,10,16,10,6,1,0,0,1,1.0,0
2018,43106838,89.7,9.4,0.9,16.4,14.0,18.3,115,42,73,10,3,7,7,3,4,1,1,1,1,1.0,0
2018,43106846,78.6,21.4,0.0,19.1,17.5,21.5,191,105,86,11,4,7,10,6,4,1,1,0,0,0.0,0
2018,43106854,72.1,27.9,0.0,19.1,16.8,24.3,248,151,97,15,7,8,13,9,4,1,0,0,1,0.0,0
2018,43106862,88.1,10.5,1.4,20.5,18.9,22.2,389,189,200,23,7,16,19,10,9,1,1,1,1,0.0,0
2018,43106870,74.9,25.1,0.0,15.8,15.4,16.3,268,154,114,22,15,10,17,10,7,0,1,1,1,1.0,0
2018,43106889,80.0,17.9,2.1,22.9,22.6,23.1,389,181,208,19,6,13,17,8,9,1,1,1,1,1.0,0
2018,43106897,80.3,19.7,0.0,23.0,24.0,22.0,460,240,220,21,8,13,20,10,10,1,1,1,1,1.0,0
2018,43106900,96.3,3.7,0.0,10.9,12.0,9.6,120,72,48,15,6,9,11,6,5,1,1,1,1,1.0,0
2018,43106919,72.0,27.7,0.3,22.5,,22.5,337,0,337,21,0,21,15,0,15,1,0,0,1,1.0,0
2018,43106927,70.4,29.6,0.0,24.9,24.9,24.9,772,373,399,25,9,16,31,15,16,1,1,0,0,0.0,0
2018,43106935,87.2,12.5,0.3,26.3,25.9,26.8,1132,543,589,38,13,25,43,21,22,1,1,1,1,1.0,0
2018,43106943,67.0,33.0,0.0,22.4,19.6,25.6,426,196,230,27,7,20,19,10,9,1,1,1,1,1.0,0
2018,43106951,82.5,16.4,1.1,23.9,24.0,23.8,383,240,143,17,8,9,16,10,6,1,0,0,1,1.0,0
2018,43106960,88.3,11.5,0.2,24.1,23.6,24.7,555,283,272,23,9,14,23,12,11,1,0,0,1,1.0,0
2018,43106978,81.0,15.5,3.5,15.3,12.0,17.0,92,24,68,8,2,6,6,2,4,1,1,1,1,0.0,0
2018,43106986,73.2,26.8,0.0,22.7,20.2,26.8,363,202,161,15,8,8,16,10,6,1,1,1,1,0.0,0
2018,43106994,81.9,17.0,1.1,22.4,19.3,27.5,358,193,165,19,9,11,16,10,6,1,1,0,1,1.0,0
2018,43107001,67.4,32.6,0.0,17.5,16.6,19.0,280,166,114,16,6,10,16,10,6,1,1,1,1,1.0,0
2018,43107036,70.8,28.7,0.5,23.5,22.7,24.8,588,340,248,24,12,12,25,15,10,1,0,0,1,1.0,0
2018,43107044,87.8,12.2,0.0,24.8,23.9,25.9,446,239,207,20,10,10,18,10,8,1,0,0,1,1.0,0
2018,43107052,66.7,33.3,0.0,19.4,16.2,24.0,330,162,168,14,6,8,17,10,7,1,0,0,1,1.0,0
2018,43107060,66.9,33.1,0.0,20.8,20.5,21.1,333,164,169,16,6,10,16,8,8,1,0,1,1,1.0,0
2018,43107079,88.7,10.5,0.8,22.7,21.4,23.9,659,300,359,38,11,27,29,14,15,1,1,1,1,1.0,0
2018,43107087,83.7,15.9,0.4,17.6,17.6,17.6,211,123,88,24,13,11,12,7,5,1,1,0,1,1.0,0
2018,43107095,85.5,14.0,0.5,20.4,17.4,24.3,184,87,97,12,5,7,9,5,4,1,1,1,1,0.0,0
2018,43107117,80.9,13.0,6.1,13.9,11.6,16.8,125,58,67,9,4,5,9,5,4,1,1,1,1,1.0,0
2018,43107125,79.1,18.9,2.0,16.8,17.2,16.4,201,86,115,20,4,16,12,5,7,1,1,0,1,1.0,0
2018,43107133,74.3,22.7,3.0,21.7,21.8,21.7,326,174,152,17,7,10,15,8,7,1,1,1,1,1.0,0
2018,43107141,75.1,18.1,6.8,22.8,22.6,23.1,388,203,185,16,6,10,17,9,8,1,1,1,1,1.0,0
2018,43107150,76.9,23.1,0.0,20.2,21.2,19.0,182,106,76,14,5,9,9,5,4,1,0,1,1,1.0,0
2018,43107168,87.6,12.4,0.0,19.4,18.4,20.4,272,129,143,18,5,13,14,7,7,1,1,1,1,1.0,0
2018,43107192,87.1,9.5,3.4,23.7,23.7,23.8,451,237,214,22,8,15,19,10,9,1,1,1,1,1.0,0
2018,43107206,63.3,36.7,0.0,20.5,20.2,21.0,349,202,147,19,7,12,17,10,7,1,1,1,1,1.0,0
2018,43107214,90.0,9.8,0.2,21.8,21.6,24.1,435,226,209,25,8,18,20,10,10,1,1,1,1,0.0,0
2018,43107222,79.8,20.2,0.0,15.3,16.8,13.5,138,84,54,12,9,6,9,5,4,1,1,1,1,1.0,0
2018,43107230,84.4,15.6,0.0,16.9,16.2,17.8,152,81,71,12,5,7,9,5,4,1,1,0,1,1.0,0
2018,43107257,77.2,22.8,0.0,28.2,27.5,29.6,451,303,148,15,7,8,16,11,5,1,1,1,1,1.0,0
2018,43107265,93.3,6.7,0.0,22.3,21.0,23.8,379,189,190,22,9,14,17,9,8,1,1,1,1,1.0,0
2018,43107273,68.8,30.5,0.7,25.7,22.3,29.2,669,290,379,31,11,20,26,13,13,1,1,1,1,1.0,0
2018,43107281,87.8,12.2,0.0,26.7,26.9,26.4,480,269,211,20,9,11,18,10,8,1,1,1,1,1.0,0
2018,43107290,75.3,24.7,0.0,20.7,18.3,23.5,497,238,259,27,9,18,24,13,11,1,1,1,1,1.0,0
2018,43107303,66.2,32.1,1.7,20.3,20.1,20.7,487,301,186,21,11,10,24,15,9,1,1,1,1,1.0,0
2018,43107311,85.5,14.4,0.1,24.6,22.9,26.8,787,412,375,30,12,19,32,18,14,1,1,1,1,0.0,0
2018,43107320,73.2,26.6,0.2,23.5,20.8,28.1,565,312,253,29,10,19,24,15,9,1,0,0,1,1.0,0
2018,43107338,78.9,15.6,5.5,16.3,17.2,15.4,163,86,77,14,5,9,10,5,5,1,1,1,1,1.0,0
2018,43107346,91.5,8.5,0.0,10.9,7.5,14.3,87,30,57,10,3,7,8,4,4,1,1,1,1,1.0,0
2018,43107354,81.5,18.1,0.4,20.4,20.4,20.4,327,143,184,23,6,17,16,7,9,1,1,1,1,1.0,0
2018,43107478,73.0,27.0,0.0,18.5,17.3,20.3,315,173,142,23,10,13,17,10,7,1,1,1,1,0.0,0
2018,43107486,84.9,15.1,0.0,15.9,14.4,17.8,143,72,71,13,5,8,9,5,4,1,1,1,1,1.0,0
2018,43107508,83.1,16.9,0.0,27.0,26.2,28.8,1109,629,480,50,30,24,41,24,17,1,1,1,1,1.0,0
2018,43107583,96.1,3.9,0.0,19.8,18.2,22.6,634,363,271,53,18,35,32,20,12,1,0,0,1,1.0,0
2018,43107826,89.1,10.9,0.0,24.9,23.8,26.3,448,238,210,22,8,14,18,10,8,1,0,0,1,1.0,0
2018,43107842,79.1,20.9,0.0,25.9,25.8,26.5,880,516,364,50,28,28,34,20,14,1,1,1,1,1.0,0
2018,43107850,82.1,17.9,0.0,2.9,3.2,1.0,43,41,2,19,6,13,15,13,2,1,1,1,1,1.0,0
2018,43107885,81.2,18.4,0.4,27.4,24.9,30.9,521,274,247,30,17,14,19,11,8,1,1,1,1,0.0,0
2018,43107923,76.8,23.0,0.2,22.0,20.7,23.7,507,270,237,22,11,13,23,13,10,1,1,0,0,0.0,0
2018,43107931,91.2,8.8,0.0,22.2,18.9,26.5,576,284,292,26,13,13,26,15,11,1,1,1,1,1.0,0
2018,43107966,75.8,19.0,5.2,20.4,18.0,24.2,265,144,121,16,7,9,13,8,5,1,1,0,1,1.0,0
2018,43107982,90.7,9.1,0.2,30.7,28.2,34.0,644,338,306,30,12,18,21,12,9,1,1,1,1,1.0,0
2018,43107990,80.4,19.6,0.0,23.4,22.3,24.9,422,223,199,27,8,19,18,10,8,1,0,0,1,1.0,0
2018,43108016,88.5,11.1,0.4,22.4,21.4,23.2,246,107,139,22,5,17,11,5,6,1,1,1,1,1.0,0
2018,43108032,80.6,19.0,0.4,19.0,17.3,20.8,304,138,166,22,7,15,16,8,8,1,1,1,1,1.0,0
2018,43108040,77.5,22.5,0.0,24.2,17.8,29.5,532,178,354,37,9,28,22,10,12,1,1,0,1,1.0,0
2018,43108059,69.6,21.7,8.7,12.4,12.7,12.3,87,38,49,12,3,9,7,3,4,1,1,1,1,0.0,0
2018,43108067,84.5,15.5,0.0,24.8,24.2,26.2,969,459,510,50,17,34,39,19,20,1,0,1,1,1.0,0
2018,43108083,70.7,29.3,0.0,17.5,15.5,18.8,368,124,244,31,8,23,21,8,13,1,0,0,1,1.0,0
2018,43108091,75.9,23.4,0.7,25.8,21.5,30.0,412,172,240,27,7,20,16,8,8,1,1,1,1,1.0,0
2018,43108113,86.0,13.6,0.4,23.0,21.6,23.9,299,108,191,22,5,17,13,5,8,1,1,1,1,1.0,0
2018,43108172,87.0,13.0,0.0,22.6,20.7,25.0,361,186,175,20,9,12,16,9,7,1,0,1,1,0.0,0
2018,43108180,69.8,24.5,5.7,23.3,22.1,24.5,490,221,269,30,8,22,21,10,11,1,1,1,1,0.0,0
2018,43108202,74.3,25.7,0.0,30.1,28.9,31.4,572,289,283,24,7,17,19,10,9,1,0,0,1,1.0,0
2018,43108210,72.0,28.0,0.0,18.5,17.8,21.0,241,178,63,12,7,6,13,10,3,1,0,0,1,1.0,0
2018,43108229,82.9,16.9,0.2,21.8,20.0,24.1,501,260,241,24,10,14,23,13,10,0,0,1,1,1.0,0
2018,43108237,79.1,20.1,0.8,21.5,19.8,23.3,344,158,186,23,8,15,16,8,8,1,1,1,1,1.0,0
2018,43108245,75.8,24.2,0.0,18.8,19.2,18.2,245,118,127,20,6,14,13,6,7,1,1,1,1,1.0,0
2018,43108300,81.5,17.9,0.6,17.6,16.8,18.5,158,84,74,13,5,8,9,5,4,0,1,1,1,1.0,0
2018,43108318,81.0,16.9,2.1,24.3,21.4,28.5,1238,643,595,52,18,35,51,30,21,1,0,0,1,1.0,0
2018,43108326,65.3,34.7,0.0,23.6,22.4,25.0,471,246,225,19,7,13,20,11,9,1,1,1,1,1.0,0
2018,43108334,87.5,12.5,0.0,18.8,18.6,19.0,244,130,114,15,5,10,13,7,6,1,0,0,0,0.0,0
2018,43108342,88.4,9.4,2.2,19.4,15.5,23.2,426,171,255,22,8,14,22,11,11,1,1,0,1,1.0,0
2018,43108350,80.7,15.9,3.4,24.8,24.4,25.3,521,293,228,20,9,11,21,12,9,1,1,1,1,0.0,0
2018,43108385,81.3,16.7,2.0,24.7,24.0,26.0,272,168,104,20,10,10,11,7,4,1,1,1,0,0.0,0
2018,43108393,80.9,19.1,0.0,11.2,11.2,,56,56,0,5,5,0,5,5,0,1,1,1,1,1.0,0
2018,43108474,84.6,15.4,0.0,25.3,24.9,25.9,709,398,311,27,12,15,28,16,12,1,1,0,1,1.0,0
2018,43108482,78.0,22.0,0.0,20.6,19.9,21.7,289,159,130,22,8,14,14,8,6,1,1,1,1,0.0,0
2018,43108490,73.2,24.6,2.2,22.2,21.1,23.4,333,169,164,18,6,13,15,8,7,1,1,1,1,1.0,0
2018,43108547,74.4,24.8,0.8,21.9,19.7,24.8,395,197,198,21,8,13,18,10,8,1,1,1,1,1.0,0
2018,43108563,84.6,15.4,0.0,22.2,22.2,22.4,467,288,179,27,20,13,21,13,8,1,1,1,1,1.0,0
2018,43108571,70.9,29.1,0.0,26.7,25.9,27.9,908,518,390,38,23,19,34,20,14,1,1,1,1,1.0,0
2018,43108709,73.7,22.1,4.2,24.9,21.4,28.5,548,235,313,30,9,21,22,11,11,1,1,1,1,1.0,0
2018,43108717,83.4,16.6,0.0,17.8,16.0,18.9,231,80,151,19,3,16,13,5,8,1,1,1,1,1.0,0
2018,43108725,87.1,12.9,0.0,19.8,19.3,21.1,316,156,160,17,6,11,16,8,8,1,1,1,1,1.0,0
2018,43108733,75.0,22.1,2.9,20.6,23.6,18.4,247,118,129,22,5,17,12,5,7,1,1,1,1,1.0,0
2018,43108741,62.2,35.1,2.7,9.3,13.0,8.0,37,13,24,8,1,7,4,1,3,1,0,0,1,1.0,0
2018,43108750,91.3,8.1,0.6,14.8,13.2,16.8,163,79,84,17,6,11,11,6,5,1,1,1,1,1.0,0
2018,43108768,88.8,10.8,0.4,24.2,21.3,27.3,605,277,328,31,11,20,25,13,12,1,1,1,1,1.0,0
2018,43108784,86.1,13.9,0.0,20.0,20.0,,200,200,0,6,6,0,10,10,0,1,1,1,1,1.0,0
2018,43108792,84.1,14.7,1.2,20.6,19.9,21.6,350,199,151,18,8,10,17,10,7,1,0,0,1,1.0,0
2018,43108806,90.9,8.2,0.9,21.6,20.3,23.8,346,203,143,16,8,8,16,10,6,1,1,0,1,1.0,0
2018,43108830,91.5,5.7,2.8,20.5,20.5,,225,225,0,8,8,0,11,11,0,1,1,0,1,0.0,0
2018,43108911,78.1,21.5,0.4,26.2,23.4,30.4,970,514,456,41,14,29,37,22,15,1,1,0,1,1.0,0
2018,43108954,79.0,19.1,1.9,21.5,20.0,23.8,279,160,119,15,6,9,13,8,5,1,1,1,1,1.0,0
2018,43108970,72.2,27.3,0.5,21.8,18.9,24.6,435,189,246,21,7,14,20,10,10,1,1,1,1,1.0,0
2018,43109055,81.7,18.3,0.0,27.5,26.3,29.2,824,474,350,48,27,27,30,18,12,1,1,1,1,1.0,0
2018,43109063,70.9,29.1,0.0,22.2,22.8,21.5,400,228,172,29,16,16,18,10,8,1,1,1,1,1.0,0
2018,43109071,88.2,11.8,0.0,13.8,16.7,11.0,165,105,60,21,15,13,12,6,6,1,1,1,1,1.0,0
2018,43109080,79.5,20.5,0.0,26.2,26.6,25.7,1022,585,437,41,21,24,39,22,17,1,1,1,1,1.0,0
2018,43109098,76.9,23.1,0.0,25.2,26.4,24.4,806,456,350,36,19,23,32,17,15,1,1,1,1,1.0,0
2018,43109101,77.6,22.4,0.0,23.2,22.9,23.6,440,275,165,34,23,16,19,12,7,1,1,1,1,1.0,0
2018,43109110,40.9,42.6,16.5,11.4,11.5,9.3,125,61,64,11,5,7,11,4,7,1,1,1,1,1.0,0
2018,43109128,76.7,23.3,0.0,26.6,27.2,26.0,665,353,312,35,22,18,25,13,12,1,1,1,1,1.0,0
2018,43109144,80.9,19.1,0.0,25.7,26.5,26.3,771,486,285,39,25,17,30,18,12,1,1,1,1,1.0,0
2018,43109179,82.5,17.5,0.0,21.5,21.3,21.7,279,149,130,17,7,11,13,7,6,1,1,1,1,1.0,0
2018,43109195,86.1,13.9,0.0,20.9,23.5,17.8,377,235,142,27,16,13,18,10,8,1,1,1,1,1.0,0
2018,43109209,83.2,16.8,0.0,24.6,23.6,26.1,566,331,235,35,22,17,23,14,9,1,1,1,1,1.0,0
2018,43109217,83.3,16.7,0.0,26.3,25.3,27.8,867,505,362,47,30,22,33,20,13,1,1,1,1,1.0,0
2018,43109225,79.5,20.5,0.0,26.3,26.0,26.7,972,571,401,60,36,31,37,22,15,1,1,1,1,1.0,0
2018,43109233,81.1,18.9,0.0,22.9,25.1,19.3,480,326,154,29,18,14,21,13,8,1,1,1,1,1.0,0
2018,43109241,94.7,5.3,0.0,16.3,16.3,,98,98,0,4,4,0,6,6,0,1,1,1,1,1.0,0
2018,43109250,80.7,17.8,1.5,28.2,26.4,30.5,508,264,244,21,7,14,18,10,8,1,1,1,1,1.0,0
2018,43109268,70.7,25.2,4.1,22.7,21.5,24.4,431,236,195,16,7,9,19,11,8,1,1,1,1,1.0,0
2018,43109357,84.4,13.3,2.3,9.2,9.2,,46,46,0,5,5,0,5,5,0,1,0,0,1,1.0,0
2018,43167179,83.8,16.0,0.2,24.2,23.3,25.4,918,537,381,50,29,29,38,23,15,1,1,1,1,1.0,0
2018,43167535,80.6,19.4,0.0,24.6,23.3,26.2,1106,583,523,58,37,35,45,25,20,1,1,1,1,1.0,0
2018,43169490,77.7,22.3,0.0,25.0,24.7,25.6,601,371,230,34,21,16,24,15,9,1,1,1,1,1.0,0
2018,43171290,69.2,30.4,0.4,23.7,24.6,23.0,617,320,297,28,8,20,26,13,13,1,1,1,1,1.0,0
2018,43172474,80.4,19.6,0.0,24.0,24.1,24.0,553,361,192,38,26,15,23,15,8,1,1,1,1,1.0,0
2018,43172482,84.8,15.2,0.0,25.5,24.3,27.3,817,462,355,45,28,25,32,19,13,1,1,1,1,1.0,0
2018,43172490,70.3,29.7,0.0,25.1,23.7,26.6,878,426,452,53,29,33,35,18,17,1,1,1,1,1.0,0
2018,43173195,83.3,16.7,0.0,22.6,22.2,23.3,385,222,163,27,17,12,17,10,7,1,1,1,1,1.0,0
2018,43173306,84.6,13.4,2.0,16.0,16.8,15.3,256,134,122,22,7,15,16,8,8,1,1,1,1,1.0,0
2018,43173713,80.8,19.2,0.0,22.8,22.8,22.7,387,228,159,22,15,13,17,10,7,1,1,1,1,1.0,0
2018,43173721,80.8,19.1,0.1,27.0,26.3,27.9,674,395,279,34,22,16,25,15,10,1,1,1,1,1.0,0
2018,43174329,,,,,,,117,117,0,11,11,0,18,18,0,1,1,1,1,1.0,0
2018,43174337,,,,,,,208,208,0,18,18,0,26,26,0,1,1,1,1,1.0,0
2018,43174345,,,,,,,243,243,0,20,20,0,34,34,0,1,0,1,1,1.0,0
2018,43175120,83.0,16.7,0.3,23.8,23.4,24.2,855,492,363,57,34,32,36,21,15,1,1,1,1,1.0,0
2018,43177018,90.2,9.0,0.8,17.8,20.8,14.0,160,104,56,18,11,11,9,5,4,1,1,1,1,1.0,0
2018,43177034,70.6,29.0,0.4,26.4,26.0,26.9,897,547,350,47,32,22,34,21,13,1,1,1,1,1.0,0
2018,43177042,79.8,20.2,0.0,21.5,21.1,22.2,322,211,111,27,19,10,15,10,5,1,1,1,1,1.0,0
2018,43177581,79.8,20.1,0.1,26.5,25.8,27.7,1006,618,388,48,33,23,38,24,14,1,1,1,1,1.0,0
2018,43178995,,,,,,,111,22,89,26,0,26,18,0,18,1,1,1,1,1.0,0
2018,43179002,,,,,,,114,36,78,23,0,23,14,0,14,1,1,1,1,1.0,0
2018,43179010,,,,,,,69,24,45,23,0,23,10,0,10,1,1,1,1,1.0,0
2018,43179029,,,,,,,116,25,91,20,0,20,16,0,16,1,1,1,1,1.0,0
2018,43180523,,,,,,,26,10,16,10,2,8,9,5,4,1,1,1,0,0.0,0
2018,43180728,40.0,40.0,20.0,1.3,1.3,,4,4,0,3,3,0,3,3,0,1,1,0,0,0.0,0
2018,43183018,81.6,18.4,0.0,22.7,24.4,20.6,589,342,247,25,15,12,26,14,12,1,1,1,1,1.0,0
2018,43187560,81.7,18.3,0.0,24.7,24.8,25.5,716,430,286,40,26,21,29,17,12,1,1,1,1,1.0,0
2018,43189253,82.5,16.5,1.0,27.5,25.4,30.8,632,355,277,27,19,14,23,14,9,1,1,1,1,0.0,0
2018,43204643,78.9,21.1,0.0,25.9,26.3,26.2,752,473,279,40,27,18,29,18,11,1,1,1,1,1.0,0
2018,43208410,51.6,48.4,0.0,5.3,3.3,,32,14,18,8,3,6,6,3,3,0,0,0,1,1.0,0
2018,43208428,74.1,25.9,0.0,14.0,,,28,6,22,6,0,6,2,0,2,1,0,0,0,0.0,0
2018,43241000,63.6,36.4,0.0,2.5,1.5,3.5,16,8,8,13,7,9,7,4,3,1,1,1,1,1.0,0
2018,43293050,80.0,19.8,0.2,26.9,27.2,26.5,431,272,159,22,16,11,16,10,6,1,1,1,1,1.0,0
2018,43293069,82.1,17.6,0.3,26.1,25.6,26.7,967,487,480,46,22,26,37,19,18,1,1,1,1,1.0,0
2019,43000479,83.3,16.7,0.0,9.5,,,19,19,0,2,0,2,2,0,2,1,0,0,0,0.0,0
2019,43001254,100.0,0.0,0.0,2.5,,,5,5,0,2,0,2,2,0,2,0,0,0,1,0.0,0
2019,43005047,100.0,0.0,0.0,2.0,,,4,4,0,2,0,2,2,0,2,0,0,0,0,0.0,0
2019,43048200,84.8,15.2,0.0,25.4,25.3,25.8,356,253,103,26,19,9,14,10,4,1,1,1,1,1.0,0
2019,43104932,95.0,5.0,0.0,25.5,20.0,29.4,306,100,206,53,14,40,12,5,7,1,1,1,1,1.0,1
2019,43105009,95.4,4.6,0.0,27.9,,27.9,475,0,475,38,0,38,17,0,17,1,1,1,1,1.0,1
2019,43105246,94.9,5.1,0.0,18.7,18.7,,168,168,0,15,15,0,9,9,0,1,1,1,1,1.0,1
2019,43105386,79.4,14.3,6.3,23.2,27.4,20.6,302,137,165,18,4,14,13,5,8,1,0,0,1,1.0,0
2019,43105394,62.8,34.9,2.3,14.6,11.3,17.2,131,45,86,12,3,9,9,4,5,1,0,0,1,1.0,0
2019,43105440,84.3,15.7,0.0,24.5,23.9,25.5,809,477,332,43,28,23,33,20,13,1,1,1,1,1.0,0
2019,43105459,79.7,20.3,0.0,26.1,27.9,23.9,470,279,191,28,16,16,18,10,8,1,1,1,1,1.0,1
2019,43105467,85.1,14.9,0.0,21.9,19.7,25.5,635,354,281,44,28,21,29,18,11,1,1,1,1,1.0,0
2019,43105475,85.6,14.4,0.0,27.7,26.5,29.3,802,451,351,37,21,20,29,17,12,1,1,1,1,1.0,0
2019,43105483,76.4,23.6,0.0,26.9,26.8,27.0,968,617,351,48,30,21,36,23,13,1,1,1,1,1.0,1
2019,43105491,91.4,8.4,0.2,22.5,22.3,22.8,652,401,251,36,26,15,29,18,11,1,1,1,1,1.0,1
2019,43105505,96.2,3.7,0.1,26.9,26.1,28.8,808,470,338,50,28,27,30,18,12,1,1,1,1,1.0,0
2019,43105513,79.8,19.8,0.4,22.8,23.3,23.0,501,329,172,35,23,18,22,14,8,1,1,1,1,1.0,0
2019,43105521,94.6,5.4,0.0,23.9,23.5,24.5,454,258,196,29,16,16,19,11,8,1,1,1,1,1.0,0
2019,43105530,97.5,2.3,0.2,26.8,25.9,27.9,482,259,223,31,19,15,18,10,8,1,1,1,1,1.0,0
2019,43105548,80.0,20.0,0.0,25.2,25.3,25.1,934,532,402,44,25,25,37,21,16,1,1,1,1,1.0,0
2019,43105564,81.0,19.0,0.0,20.3,20.3,,183,183,0,15,15,0,9,9,0,1,0,0,1,1.0,0
2019,43105580,85.5,14.5,0.0,25.2,22.0,27.3,328,110,218,24,5,19,13,5,8,1,0,0,1,1.0,1
2019,43105742,83.9,11.4,4.7,21.6,21.1,22.2,259,148,111,14,5,9,12,7,5,1,1,1,1,1.0,1
2019,43105750,77.0,23.0,0.0,19.0,19.6,18.0,152,98,54,12,5,7,8,5,3,1,1,1,1,1.0,0
2019,43105769,81.0,9.9,9.1,26.1,20.0,28.7,261,60,201,22,3,19,10,3,7,1,1,1,1,1.0,0
2019,43105785,74.7,23.0,2.3,26.1,21.9,30.7,495,219,276,24,9,15,19,10,9,1,1,1,1,0.0,0
2019,43105793,79.6,17.7,2.7,17.6,18.2,16.8,176,109,67,11,4,7,10,6,4,1,1,1,1,1.0,0
2019,43105807,76.1,23.4,0.5,26.3,25.3,28.4,683,253,430,42,9,33,26,10,16,1,1,1,1,1.0,1
2019,43105815,79.9,17.1,3.0,20.1,18.8,21.6,382,188,194,21,8,13,19,10,9,0,1,0,1,0.0,0
2019,43105823,82.1,16.7,1.2,20.9,20.1,22.5,376,241,135,16,10,6,18,12,6,0,1,0,1,1.0,0
2019,43105831,90.1,9.8,0.1,23.6,22.3,25.8,754,445,309,32,14,18,32,20,12,1,1,0,1,1.0,0
2019,43105840,80.6,15.5,3.9,15.1,17.6,12.0,136,88,48,10,4,6,9,5,4,1,1,1,1,1.0,0
2019,43105858,83.5,16.5,0.0,19.3,19.2,19.4,290,96,194,21,5,17,15,5,10,1,1,1,1,1.0,0
2019,43105866,78.4,21.6,0.0,23.5,20.9,27.6,541,293,248,19,6,13,23,14,9,1,1,0,1,1.0,0
2019,43105874,87.5,12.3,0.2,22.3,20.8,24.4,469,249,220,29,11,19,21,12,9,1,1,1,1,1.0,0
2019,43105882,89.5,10.5,0.0,25.6,24.3,27.5,718,388,330,24,10,14,28,16,12,1,0,0,1,1.0,0
2019,43105890,82.9,17.1,0.0,20.3,21.3,19.3,284,149,135,15,6,10,14,7,7,1,1,1,1,1.0,0
2019,43105904,80.5,19.5,0.0,20.8,20.5,21.2,416,225,191,18,7,11,20,11,9,1,0,0,1,1.0,0
2019,43105920,82.9,17.1,0.0,20.7,22.4,18.5,186,112,74,13,5,8,9,5,4,1,1,1,1,1.0,0
2019,43105939,77.1,21.9,1.0,18.8,19.9,14.5,188,159,29,17,15,6,10,8,2,1,1,0,1,1.0,0
2019,43105947,90.6,7.1,2.3,14.0,17.7,6.7,126,106,20,16,8,8,9,6,3,1,1,0,1,1.0,0
2019,43105963,68.8,26.1,5.1,14.1,14.1,,141,141,0,7,7,0,10,10,0,1,0,0,1,1.0,0
2019,43105971,74.8,25.2,0.0,12.8,12.6,13.0,115,63,52,11,4,7,9,5,4,1,1,1,1,1.0,0
2019,43105980,75.3,21.4,3.3,16.8,15.6,18.3,151,78,73,13,4,9,9,5,4,1,1,1,1,1.0,0
2019,43105998,93.4,6.6,0.0,25.6,24.2,27.4,461,242,219,23,10,13,18,10,8,1,1,1,1,1.0,0
2019,43106005,90.6,9.1,0.3,24.2,23.1,25.3,628,324,304,25,12,13,26,14,12,1,0,1,1,1.0,0
2019,43106013,71.4,26.2,2.4,9.6,11.6,7.0,86,58,28,12,5,7,9,5,4,1,1,1,1,1.0,1
2019,43106021,84.7,15.3,0.0,20.5,21.8,19.3,225,109,116,17,5,12,11,5,6,1,1,1,1,1.0,0
2019,43106030,72.9,27.1,0.0,18.3,19.8,16.3,256,158,98,16,7,9,14,8,6,1,1,1,1,1.0,1
2019,43106048,83.8,16.2,0.0,25.9,24.1,28.9,698,409,289,28,11,17,27,17,10,1,0,0,1,1.0,1
2019,43106056,79.9,20.1,0.0,22.0,21.2,23.0,198,106,92,13,5,8,9,5,4,1,0,0,1,1.0,0
2019,43106072,84.1,15.9,0.0,24.5,29.0,23.9,367,174,193,20,6,14,15,6,9,1,1,1,1,1.0,0
2019,43106080,94.0,6.0,0.0,21.8,21.4,22.4,262,150,112,16,7,9,12,7,5,1,0,1,1,1.0,1
2019,43106099,77.9,22.1,0.0,21.5,22.1,20.9,387,199,188,19,6,13,18,9,9,1,1,1,1,1.0,0
2019,43106102,84.0,14.8,1.2,16.6,16.6,,83,83,0,5,5,0,5,5,0,0,1,1,1,1.0,0
2019,43106110,91.5,8.1,0.4,22.9,22.3,23.5,458,223,235,21,8,13,20,10,10,0,1,1,1,1.0,0
2019,43106129,82.6,12.0,5.4,24.2,23.5,25.3,411,259,152,14,7,7,17,11,6,1,1,0,1,1.0,0
2019,43106137,75.9,19.6,4.5,21.2,21.6,20.8,233,108,125,13,4,9,11,5,6,1,0,1,1,1.0,0
2019,43106145,77.1,22.7,0.2,20.9,22.5,19.3,355,180,175,18,7,11,17,8,9,1,1,1,1,0.0,0
2019,43106153,74.0,26.0,0.0,24.5,23.8,25.8,539,333,206,21,10,11,22,14,8,1,0,0,1,1.0,0
2019,43106161,81.8,17.9,0.3,24.1,25.2,23.3,289,126,163,19,5,14,12,5,7,1,1,1,1,1.0,0
2019,43106170,88.0,9.6,2.4,20.0,19.8,20.3,180,99,81,12,5,7,9,5,4,1,1,1,1,1.0,0
2019,43106188,81.1,17.8,1.1,24.7,22.5,27.5,445,225,220,15,6,9,18,10,8,1,1,1,1,1.0,0
2019,43106196,85.2,12.5,2.3,24.2,23.1,25.9,822,485,337,41,15,26,34,21,13,1,1,1,1,1.0,0
2019,43106200,83.8,15.5,0.7,15.6,17.8,12.8,140,89,51,12,5,7,9,5,4,1,1,1,1,1.0,0
2019,43106218,87.4,12.1,0.5,22.0,20.8,23.6,418,229,189,19,8,12,19,11,8,1,1,1,1,1.0,0
2019,43106234,84.7,15.3,0.0,17.7,18.4,17.2,195,92,103,13,3,10,11,5,6,1,0,0,1,1.0,0
2019,43106242,83.4,15.4,1.2,23.7,24.2,23.1,427,242,185,20,8,13,18,10,8,0,1,0,1,1.0,0
2019,43106250,87.0,8.1,4.9,23.8,22.8,25.4,475,274,201,18,8,11,20,12,8,1,1,1,1,0.0,0
2019,43106277,76.6,22.1,1.3,23.5,21.3,26.3,423,213,210,21,7,14,18,10,8,1,1,1,1,1.0,0
2019,43106293,77.9,22.1,0.0,27.3,25.5,29.9,546,255,291,20,6,14,20,10,10,0,1,1,1,1.0,0
2019,43106307,78.1,17.2,4.7,15.6,18.0,13.2,156,90,66,11,5,6,10,5,5,1,1,1,1,1.0,0
2019,43106315,79.5,17.4,3.1,22.2,20.8,23.3,311,125,186,16,4,12,14,6,8,1,0,1,1,1.0,0
2019,43106323,94.4,5.2,0.4,23.7,23.8,23.0,308,262,46,14,9,6,13,11,2,1,1,1,1,1.0,0
2019,43106331,79.8,20.2,0.0,14.8,15.0,13.0,118,105,13,10,6,4,8,7,1,1,1,1,1,1.0,0
2019,43106340,82.2,17.8,0.0,17.8,17.5,18.0,231,105,126,20,6,15,13,6,7,1,1,1,1,1.0,1
2019,43106358,62.9,30.8,6.3,18.9,17.5,20.3,151,70,81,12,4,8,8,4,4,1,1,0,1,1.0,0
2019,43106366,88.0,11.5,0.5,23.4,22.6,25.2,773,474,299,24,12,12,33,21,12,1,1,1,1,1.0,0
2019,43106374,88.5,11.5,0.0,22.1,21.7,22.8,598,347,251,31,12,19,27,16,11,1,1,1,1,1.0,0
2019,43106382,83.0,17.0,0.0,20.8,20.8,,104,104,0,4,4,0,5,5,0,1,1,1,1,1.0,0
2019,43106390,95.4,4.6,0.0,19.6,20.8,18.0,176,104,72,13,5,8,9,5,4,1,1,1,1,1.0,1
2019,43106412,78.6,12.2,9.2,22.1,21.8,22.5,199,109,90,9,3,6,9,5,4,1,1,1,1,1.0,0
2019,43106420,79.5,19.0,1.5,18.0,20.6,15.8,270,144,126,20,7,13,15,7,8,1,1,1,1,1.0,0
2019,43106439,82.5,15.1,2.4,26.4,24.6,28.9,555,295,260,25,8,17,21,12,9,1,1,1,1,1.0,0
2019,43106447,90.9,7.3,1.8,19.2,18.0,20.3,288,126,162,17,8,9,15,7,8,1,1,1,1,1.0,0
2019,43106455,70.9,29.1,0.0,20.5,20.8,20.7,410,208,202,21,8,13,20,10,10,1,1,1,1,1.0,0
2019,43106463,88.4,11.6,0.0,22.7,21.1,24.9,477,253,224,23,8,15,21,12,9,1,0,0,1,1.0,0
2019,43106480,71.4,28.6,0.0,24.7,25.5,23.8,445,255,190,24,7,17,18,10,8,1,0,0,1,1.0,0
2019,43106498,91.4,8.1,0.5,26.7,24.0,29.7,561,264,297,29,9,21,21,11,10,1,1,1,1,1.0,1
2019,43106501,87.0,12.5,0.5,24.2,24.0,24.4,435,240,195,23,10,13,18,10,8,1,1,1,1,1.0,0
2019,43106528,87.9,10.7,1.4,20.2,19.1,21.6,364,191,173,22,9,14,18,10,8,1,1,1,1,1.0,0
2019,43106536,68.5,28.2,3.3,13.9,13.2,14.8,125,66,59,9,4,5,9,5,4,0,1,0,1,0.0,0
2019,43106544,89.9,8.3,1.8,28.4,25.7,32.5,284,154,130,11,6,6,10,6,4,1,1,0,1,1.0,0
2019,43106552,91.3,8.7,0.0,18.6,20.1,16.6,317,201,116,15,5,11,17,10,7,1,1,1,1,1.0,0
2019,43106560,79.0,15.5,5.5,19.3,18.3,20.1,424,183,241,24,7,18,22,10,12,1,1,1,1,1.0,0
2019,43106587,89.2,10.8,0.0,28.1,24.2,33.0,506,242,264,22,9,15,18,10,8,1,1,1,1,0.0,0
2019,43106595,92.1,7.9,0.0,25.6,26.8,24.6,358,161,197,21,6,15,14,6,8,1,1,1,1,0.0,0
2019,43106609,80.4,18.1,1.5,17.9,18.8,16.9,287,169,118,18,6,12,16,9,7,1,0,1,1,1.0,0
2019,43106617,65.6,29.7,4.7,17.9,17.1,19.0,268,154,114,18,7,11,15,9,6,1,1,1,1,1.0,0
2019,43106625,77.9,20.9,1.2,24.7,23.3,26.8,247,140,107,16,6,10,10,6,4,1,1,1,1,1.0,0
2019,43106641,82.5,15.3,2.2,23.5,24.9,22.0,469,249,220,18,8,11,20,10,10,1,0,0,1,1.0,0
2019,43106650,99.0,1.0,0.0,21.0,21.0,,105,105,0,6,6,0,5,5,0,1,1,1,1,1.0,0
2019,43106668,71.3,28.7,0.0,17.2,17.5,17.0,103,35,68,10,2,8,6,2,4,1,0,0,1,1.0,0
2019,43106676,91.7,8.3,0.0,18.6,19.5,17.6,297,156,141,19,7,12,16,8,8,1,1,1,1,1.0,0
2019,43106684,82.5,17.5,0.0,12.5,13.0,12.0,100,52,48,11,4,7,8,4,4,1,1,1,1,1.0,0
2019,43106692,91.9,5.7,2.4,22.6,21.8,27.0,294,240,54,13,8,5,13,11,2,1,0,1,1,0.0,1
2019,43106706,83.4,14.6,2.0,19.5,19.8,18.3,253,198,55,18,11,7,13,10,3,1,1,1,1,1.0,1
2019,43106714,75.1,19.2,5.7,24.6,26.2,21.3,442,314,128,18,9,10,18,12,6,1,0,1,1,1.0,0
2019,43106722,89.0,9.8,1.2,23.6,23.1,24.3,425,231,194,20,9,11,18,10,8,1,1,0,1,1.0,0
2019,43106757,82.0,18.0,0.0,13.9,14.4,13.3,125,72,53,18,12,9,9,5,4,1,1,1,1,1.0,1
2019,43106765,73.9,23.6,2.5,25.7,25.2,26.3,745,429,316,28,11,17,29,17,12,1,1,1,0,0.0,0
2019,43106773,97.6,1.4,1.0,26.5,26.5,,212,212,0,7,7,0,8,8,0,1,1,0,1,1.0,0
2019,43106781,81.0,18.5,0.5,26.2,26.3,26.1,655,316,339,32,11,22,25,12,13,1,1,1,1,1.0,0
2019,43106790,79.8,17.1,3.1,21.8,20.2,23.8,392,202,190,26,7,19,18,10,8,1,1,1,1,0.0,0
2019,43106803,86.0,14.0,0.0,21.1,19.6,23.1,401,216,185,18,9,9,19,11,8,1,1,1,1,1.0,0
2019,43106811,79.1,20.9,0.0,19.8,21.4,17.8,178,107,71,11,4,8,9,5,4,1,1,1,1,1.0,0
2019,43106820,75.9,24.1,0.0,22.4,23.7,20.3,359,237,122,17,8,11,16,10,6,1,0,0,1,1.0,0
2019,43106838,78.0,20.0,2.0,16.8,18.5,16.0,101,37,64,10,2,8,6,2,4,1,1,1,1,1.0,0
2019,43106846,81.5,11.8,6.7,16.3,15.3,18.0,179,107,72,11,5,6,11,7,4,1,1,1,0,0.0,0
2019,43106854,85.2,14.5,0.3,21.1,20.3,22.8,253,162,91,14,7,7,12,8,4,1,0,0,1,0.0,0
2019,43106862,89.6,10.4,0.0,20.9,20.1,21.9,398,201,197,22,7,15,19,10,9,1,1,1,1,0.0,1
2019,43106870,77.9,13.6,8.5,15.1,15.2,15.0,272,167,105,22,17,11,18,11,7,0,1,1,1,1.0,1
2019,43106889,79.9,18.2,1.9,21.6,21.1,22.0,345,169,176,16,5,11,16,8,8,1,1,0,1,1.0,0
2019,43106897,78.2,21.6,0.2,22.4,23.8,21.0,448,238,210,24,8,17,20,10,10,1,1,1,1,1.0,0
2019,43106900,95.8,4.2,0.0,11.9,12.6,11.2,119,63,56,13,5,8,10,5,5,1,1,1,1,1.0,0
2019,43106919,68.6,31.1,0.3,23.1,,23.1,347,0,347,18,0,18,15,0,15,1,0,0,1,1.0,0
2019,43106927,82.0,16.6,1.4,23.3,25.3,21.3,744,379,365,28,8,20,32,15,17,1,1,1,1,1.0,0
2019,43106935,94.0,6.0,0.0,28.5,27.7,29.2,1197,554,643,41,15,26,42,20,22,1,1,1,1,1.0,0
2019,43106943,75.6,21.2,3.2,24.1,25.3,22.8,481,253,228,24,7,17,20,10,10,1,1,1,1,1.0,0
2019,43106951,77.6,21.3,1.1,24.1,24.3,23.8,386,243,143,18,9,9,16,10,6,1,0,0,1,1.0,0
2019,43106960,82.9,16.5,0.6,25.3,24.9,25.6,581,299,282,23,9,14,23,12,11,1,0,0,1,1.0,0
2019,43106978,87.9,9.1,3.0,13.4,8.0,14.8,67,8,59,8,1,7,5,1,4,1,1,1,1,0.0,0
2019,43106986,74.7,25.3,0.0,23.5,22.2,25.7,376,222,154,16,8,9,16,10,6,1,1,1,1,0.0,0
2019,43106994,79.6,19.0,1.4,23.4,22.0,25.3,397,220,177,20,8,13,17,10,7,1,1,0,1,1.0,0
2019,43107001,69.1,29.2,1.7,18.1,17.2,19.8,308,189,119,17,6,11,17,11,6,1,1,1,1,1.0,0
2019,43107036,79.9,17.7,2.4,24.9,24.5,25.6,573,343,230,18,10,8,23,14,9,1,0,0,1,1.0,0
2019,43107044,92.8,7.0,0.2,24.7,24.3,25.3,445,243,202,19,8,11,18,10,8,1,0,0,1,1.0,0
2019,43107052,82.2,17.8,0.0,19.9,18.1,22.4,338,181,157,15,6,9,17,10,7,1,0,0,1,1.0,0
2019,43107060,74.2,25.6,0.2,21.4,22.0,20.6,363,198,165,16,6,10,17,9,8,1,0,1,1,1.0,0
2019,43107079,90.1,9.8,0.1,25.0,23.0,26.7,699,299,400,31,10,21,28,13,15,1,1,1,1,1.0,0
2019,43107087,94.2,5.8,0.0,18.1,18.8,16.8,217,150,67,20,12,8,12,8,4,1,1,0,1,1.0,1
2019,43107095,88.3,11.7,0.0,17.6,17.4,17.8,158,87,71,13,5,8,9,5,4,1,1,1,1,0.0,0
2019,43107117,91.2,8.8,0.0,15.1,13.6,17.0,136,68,68,12,5,7,9,5,4,1,1,1,1,1.0,1
2019,43107125,83.2,15.7,1.1,16.7,17.0,16.5,184,85,99,18,4,14,11,5,6,1,1,1,1,1.0,0
2019,43107133,74.9,21.8,3.3,19.3,22.1,16.8,289,155,134,17,6,11,15,7,8,1,1,1,1,1.0,0
2019,43107141,87.9,11.2,0.9,20.9,20.1,22.3,335,201,134,14,6,8,16,10,6,1,1,1,1,1.0,0
2019,43107150,80.9,19.1,0.0,19.2,22.4,15.3,173,112,61,14,5,9,9,5,4,1,0,1,1,1.0,0
2019,43107168,87.7,12.3,0.0,16.2,17.0,15.4,210,102,108,16,5,12,13,6,7,1,1,1,1,1.0,0
2019,43107192,92.7,7.1,0.2,22.4,23.0,21.8,426,230,196,20,9,14,19,10,9,1,1,1,1,1.0,0
2019,43107206,76.6,23.4,0.0,22.0,23.8,19.4,374,238,136,17,7,10,17,10,7,1,1,1,1,1.0,0
2019,43107214,88.6,10.8,0.6,24.4,23.5,26.1,487,259,228,22,9,14,20,11,9,1,1,1,1,0.0,0
2019,43107222,86.1,13.9,0.0,14.8,16.2,13.0,133,81,52,13,12,6,9,5,4,0,1,1,1,1.0,0
2019,43107230,88.9,11.1,0.0,14.9,14.4,15.5,134,72,62,13,5,8,9,5,4,1,1,0,1,1.0,0
2019,43107257,81.8,18.2,0.0,26.2,26.7,25.8,472,320,152,16,8,8,18,12,6,1,1,1,1,1.0,0
2019,43107265,95.2,4.8,0.0,22.2,21.5,23.1,400,215,185,23,10,14,18,10,8,1,1,1,1,1.0,0
2019,43107273,72.1,24.4,3.5,25.5,22.8,28.1,560,251,309,26,9,17,22,11,11,1,1,1,1,1.0,0
2019,43107281,88.7,10.7,0.6,26.4,27.1,25.5,475,271,204,19,7,12,18,10,8,1,1,1,1,1.0,0
2019,43107290,77.7,21.8,0.5,20.9,20.1,21.7,480,241,239,28,10,18,23,12,11,1,1,1,1,1.0,1
2019,43107303,74.5,25.3,0.2,20.7,19.6,22.9,497,294,203,22,12,10,24,15,9,1,1,1,1,1.0,0
2019,43107311,90.5,9.5,0.0,24.2,22.7,25.9,797,409,388,32,12,20,33,18,15,1,1,1,1,0.0,0
2019,43107320,86.9,9.8,3.3,23.1,21.5,25.3,532,280,252,28,8,20,23,13,10,1,0,0,1,1.0,0
2019,43107338,78.1,19.4,2.5,16.8,19.0,14.6,168,95,73,14,5,9,10,5,5,1,1,1,1,1.0,0
2019,43107346,97.5,1.3,1.2,10.9,9.5,12.3,87,38,49,11,3,8,8,4,4,1,1,1,1,1.0,0
2019,43107354,82.4,17.2,0.4,19.7,19.1,20.4,296,153,143,21,6,15,15,8,7,1,1,1,1,1.0,0
2019,43107478,86.2,11.6,2.2,18.4,18.6,18.1,313,186,127,23,10,13,17,10,7,1,1,1,1,0.0,0
2019,43107486,81.9,18.1,0.0,16.7,20.0,12.5,150,100,50,12,4,8,9,5,4,1,1,1,1,1.0,0
2019,43107508,84.6,15.4,0.0,26.3,25.6,27.8,1077,640,437,52,34,23,41,25,16,1,1,1,1,1.0,1
2019,43107583,93.1,6.9,0.0,19.6,19.0,20.5,647,380,267,47,18,29,33,20,13,1,0,0,1,1.0,0
2019,43107826,84.8,15.2,0.0,25.2,25.1,25.3,453,251,202,18,8,10,18,10,8,1,0,0,1,1.0,0
2019,43107842,80.7,19.3,0.0,25.5,26.2,24.5,843,524,319,48,31,26,33,20,13,1,1,1,1,1.0,1
2019,43107850,84.2,15.8,0.0,2.1,2.6,1.0,27,23,4,21,5,16,13,9,4,1,1,1,1,1.0,0
2019,43107885,82.8,17.0,0.2,28.6,27.0,30.9,544,297,247,32,18,14,19,11,8,1,1,1,1,0.0,0
2019,43107923,76.6,18.5,4.9,23.5,21.3,26.5,446,234,212,20,9,12,19,11,8,1,1,0,1,1.0,0
2019,43107931,95.0,4.2,0.8,20.9,19.6,22.3,523,255,268,27,11,16,25,13,12,1,1,1,1,1.0,0
2019,43107966,72.8,26.3,0.9,20.5,19.0,24.0,246,133,113,10,2,8,12,7,5,1,1,0,1,1.0,0
2019,43107982,87.8,11.3,0.9,30.5,26.9,36.6,733,404,329,29,13,16,24,15,9,1,1,1,1,1.0,0
2019,43107990,85.8,14.2,0.0,23.2,23.1,23.4,418,231,187,24,6,18,18,10,8,1,0,0,1,1.0,0
2019,43108016,81.3,17.9,0.8,19.4,20.6,18.6,233,103,130,21,5,16,12,5,7,1,0,0,1,1.0,0
2019,43108032,82.4,17.6,0.0,22.3,21.2,24.2,290,127,163,21,6,15,13,6,7,1,1,1,1,1.0,0
2019,43108040,89.2,9.7,1.1,22.1,19.2,24.5,487,192,295,38,7,31,22,10,12,1,1,0,1,1.0,1
2019,43108059,80.3,15.2,4.5,11.7,14.5,10.3,70,29,41,9,2,7,6,2,4,1,1,1,1,0.0,0
2019,43108067,90.8,9.0,0.2,23.2,22.9,23.6,857,436,421,49,16,34,37,19,18,1,0,1,1,1.0,0
2019,43108083,74.0,26.0,0.0,18.3,15.8,20.6,311,126,185,24,7,17,17,8,9,1,0,0,1,1.0,0
2019,43108091,86.1,13.6,0.3,28.9,24.4,32.9,434,171,263,26,7,19,15,7,8,1,1,1,1,1.0,1
2019,43108113,96.8,2.8,0.4,23.6,19.6,26.4,283,98,185,22,5,17,12,5,7,1,1,1,1,1.0,1
2019,43108172,92.5,7.5,0.0,20.4,21.4,19.1,327,193,134,20,9,12,16,9,7,1,0,1,1,0.0,0
2019,43108180,77.4,16.6,6.0,22.7,21.2,24.4,477,233,244,29,8,21,21,11,10,1,1,1,1,0.0,0
2019,43108202,77.9,22.1,0.0,29.9,29.7,30.1,568,297,271,24,6,18,19,10,9,1,0,0,1,1.0,0
2019,43108210,76.5,23.5,0.0,20.5,22.7,15.8,267,204,63,11,6,5,13,9,4,1,0,0,1,1.0,0
2019,43108229,87.5,12.5,0.0,23.6,21.5,26.3,495,258,237,22,8,14,21,12,9,0,0,1,1,1.0,0
2019,43108237,87.4,12.6,0.0,20.7,18.1,23.4,352,145,207,30,8,22,17,8,9,1,1,1,1,1.0,1
2019,43108245,80.4,17.3,2.3,20.3,22.0,18.5,243,132,111,16,6,10,12,6,6,1,1,1,1,1.0,0
2019,43108300,84.3,13.4,2.3,19.6,20.0,19.0,176,100,76,13,5,8,9,5,4,0,1,1,1,1.0,0
2019,43108318,83.2,16.5,0.3,25.0,23.9,26.7,1299,716,583,50,18,33,52,30,22,1,0,0,1,1.0,0
2019,43108326,78.5,21.5,0.0,22.8,22.7,22.9,433,250,183,21,8,13,19,11,8,1,1,0,1,1.0,0
2019,43108334,94.1,5.9,0.0,19.4,20.7,18.2,233,124,109,14,4,10,12,6,6,1,0,0,0,0.0,0
2019,43108342,91.7,8.1,0.2,22.0,20.8,23.2,440,208,232,22,7,15,20,10,10,1,1,0,1,1.0,0
2019,43108350,82.9,13.6,3.5,24.1,23.2,25.4,507,278,229,19,9,10,21,12,9,1,1,1,1,0.0,0
2019,43108385,82.9,15.1,2.0,22.5,23.3,21.3,248,163,85,18,8,10,11,7,4,1,1,1,1,1.0,0
2019,43108393,82.6,17.4,0.0,8.5,8.5,,34,34,0,4,4,0,4,4,0,1,1,1,1,1.0,0
2019,43108474,85.4,14.4,0.2,27.2,27.3,27.1,761,436,325,29,13,16,28,16,12,1,1,0,1,1.0,0
2019,43108482,76.4,23.2,0.4,22.5,23.0,22.0,293,161,132,20,7,13,13,7,6,1,1,1,1,0.0,0
2019,43108490,69.0,27.6,3.4,24.3,23.5,25.3,365,188,177,18,7,12,15,8,7,1,1,1,1,1.0,0
2019,43108547,80.8,19.2,0.0,20.9,19.4,22.9,377,194,183,20,8,12,18,10,8,1,1,1,1,1.0,0
2019,43108563,83.6,16.4,0.0,22.4,22.2,22.7,425,266,159,26,20,10,19,12,7,1,1,1,1,1.0,1
2019,43108571,83.3,16.2,0.5,25.3,25.1,25.6,835,477,358,40,25,19,33,19,14,1,1,1,1,1.0,1
2019,43108709,79.9,16.9,3.2,25.3,23.1,27.5,557,254,303,29,8,21,22,11,11,1,1,1,1,1.0,0
2019,43108717,85.0,9.8,5.2,17.2,17.2,17.0,223,86,137,19,3,16,13,5,8,1,1,0,1,1.0,1
2019,43108725,90.9,7.4,1.7,19.9,20.7,19.3,299,145,154,15,5,10,15,7,8,1,1,1,1,1.0,0
2019,43108733,81.4,15.5,3.1,21.7,22.4,21.0,260,112,148,18,5,13,12,5,7,1,1,1,1,1.0,0
2019,43108750,89.8,5.1,5.1,15.1,13.0,17.6,166,78,88,16,6,10,11,6,5,1,1,1,1,1.0,0
2019,43108768,84.3,15.7,0.0,25.8,21.7,29.6,645,260,385,32,10,22,25,12,13,1,1,1,1,1.0,0
2019,43108784,86.2,12.8,1.0,22.1,22.1,,199,199,0,7,7,0,9,9,0,1,1,1,1,1.0,0
2019,43108792,89.9,9.8,0.3,20.5,20.3,21.0,389,223,166,21,8,13,19,11,8,1,0,0,1,1.0,0
2019,43108806,86.6,12.6,0.8,23.6,23.3,24.0,377,233,144,17,8,9,16,10,6,1,1,0,1,1.0,0
2019,43108830,89.9,10.1,0.0,21.3,21.3,,234,234,0,8,8,0,11,11,0,1,1,0,1,1.0,0
2019,43108911,86.1,13.8,0.1,27.7,25.1,31.2,996,528,468,37,14,23,36,21,15,1,1,0,1,1.0,0
2019,43108954,83.5,14.0,2.5,20.1,19.8,20.5,281,158,123,14,6,8,14,8,6,1,1,1,1,1.0,0
2019,43108970,87.2,12.8,0.0,21.9,20.5,23.8,395,205,190,18,6,12,18,10,8,1,1,1,1,1.0,0
2019,43109055,85.8,14.2,0.0,27.3,26.1,29.0,818,470,348,42,24,23,30,18,12,1,1,1,1,1.0,1
2019,43109063,80.7,19.0,0.3,23.4,23.5,23.3,398,258,140,27,19,12,17,11,6,1,1,1,1,1.0,0
2019,43109071,88.8,11.2,0.0,18.2,21.0,14.8,164,105,59,17,12,10,9,5,4,1,1,1,1,1.0,1
2019,43109080,86.5,13.5,0.0,24.6,25.2,23.8,960,580,380,48,26,26,39,23,16,1,1,1,1,1.0,1
2019,43109098,87.6,12.4,0.0,25.4,26.6,25.3,763,431,332,37,20,27,30,16,14,1,1,1,1,1.0,0
2019,43109101,84.2,15.8,0.0,22.8,24.0,22.8,433,279,154,25,18,15,19,11,8,1,1,1,1,1.0,1
2019,43109110,67.0,33.0,0.0,11.3,13.7,9.3,90,48,42,8,2,6,8,3,5,1,1,1,1,1.0,0
2019,43109128,79.7,20.3,0.0,24.5,24.3,24.7,661,365,296,30,22,14,27,15,12,1,1,1,1,1.0,1
2019,43109144,88.3,11.7,0.0,24.7,26.3,23.8,742,482,260,38,24,17,30,18,12,1,1,1,1,1.0,0
2019,43109179,76.1,21.5,2.4,22.4,21.8,23.0,269,131,138,16,6,11,12,6,6,1,1,1,1,1.0,0
2019,43109195,90.2,9.8,0.0,19.9,21.5,17.3,319,215,104,24,16,11,16,10,6,1,1,1,1,1.0,0
2019,43109209,87.7,12.3,0.0,23.5,24.5,21.9,540,343,197,33,22,17,23,14,9,1,1,1,1,1.0,0
2019,43109217,88.1,11.9,0.0,24.9,24.3,25.9,847,510,337,46,27,25,34,21,13,1,1,1,1,1.0,0
2019,43109225,82.7,17.3,0.0,27.1,26.7,27.6,974,587,387,51,31,26,36,22,14,1,1,1,1,1.0,1
2019,43109233,84.5,15.5,0.0,22.3,23.7,19.6,469,332,137,26,18,11,21,14,7,1,1,1,1,1.0,0
2019,43109241,100.0,0.0,0.0,15.0,15.0,,90,90,0,4,4,0,6,6,0,1,1,1,1,1.0,0
2019,43109250,78.4,19.1,2.5,25.9,26.2,25.5,466,262,204,19,7,12,18,10,8,1,1,1,1,1.0,0
2019,43109268,79.4,20.1,0.5,20.5,20.8,20.0,409,249,160,16,7,9,20,12,8,1,1,1,1,1.0,0
2019,43109357,80.6,16.7,2.7,10.5,10.5,,42,42,0,4,4,0,4,4,0,1,0,0,1,1.0,0
2019,43167179,89.1,10.9,0.0,23.6,23.4,24.1,875,514,361,53,32,29,37,22,15,1,1,1,1,1.0,0
2019,43167535,85.4,14.6,0.0,24.4,24.3,24.6,1026,559,467,53,34,33,42,23,19,1,1,1,1,1.0,1
2019,43169490,89.1,10.9,0.0,24.5,24.6,24.2,587,369,218,41,27,17,24,15,9,1,1,1,1,1.0,1
2019,43171290,76.0,23.7,0.3,23.5,23.1,24.3,657,348,309,30,12,19,28,15,13,1,1,1,1,1.0,0
2019,43172474,89.2,10.8,0.0,23.7,23.6,24.0,546,354,192,37,25,15,23,15,8,1,1,1,1,1.0,0
2019,43172482,88.3,11.7,0.0,24.4,23.3,26.3,781,465,316,42,26,23,32,20,12,1,1,1,1,1.0,0
2019,43172490,76.8,23.2,0.0,23.0,21.9,24.2,805,394,411,47,24,27,35,18,17,1,1,0,1,1.0,0
2019,43173195,82.4,17.6,0.0,22.7,22.3,23.3,386,223,163,27,16,12,17,10,7,1,1,1,1,1.0,0
2019,43173306,77.7,22.3,0.0,19.8,16.6,24.0,337,149,188,23,8,15,17,9,8,1,0,0,1,1.0,0
2019,43173713,84.3,15.7,0.0,22.6,23.5,21.4,406,235,171,25,17,13,18,10,8,1,1,1,1,1.0,0
2019,43173721,83.9,16.1,0.0,25.4,26.1,24.5,636,391,245,35,23,17,25,15,10,1,1,1,1,1.0,1
2019,43174329,,,,,,,140,140,0,12,12,0,19,19,0,1,1,1,1,1.0,0
2019,43174337,,,,,,,198,198,0,16,16,0,24,24,0,1,1,1,1,1.0,0
2019,43174345,,,,,,,234,234,0,19,19,0,34,34,0,1,0,1,1,1.0,0
2019,43175120,90.1,9.9,0.0,23.3,23.1,23.5,837,485,352,52,29,32,36,21,15,1,1,1,1,1.0,0
2019,43177018,79.7,20.3,0.0,16.3,18.6,13.5,147,93,54,15,8,9,9,5,4,1,1,1,1,1.0,0
2019,43177034,84.3,15.7,0.0,25.3,26.7,23.2,836,534,302,39,23,19,33,20,13,1,1,1,1,1.0,0
2019,43177042,88.8,11.2,0.0,19.3,20.1,17.8,290,201,89,27,19,10,15,10,5,1,1,1,1,1.0,0
2019,43177581,86.4,13.6,0.0,27.1,26.9,27.4,976,592,384,41,27,20,36,22,14,1,1,1,1,1.0,0
2019,43178995,,,,,,,112,30,82,26,0,26,17,0,17,1,1,1,1,1.0,1
2019,43179002,,,,,,,115,51,64,19,0,19,14,0,14,1,0,1,1,1.0,0
2019,43179010,,,,,,,67,24,43,22,0,22,10,0,10,1,1,1,1,1.0,0
2019,43179029,,,,,,,114,28,86,21,0,21,16,0,16,1,1,1,1,1.0,1
2019,43180523,,,,,,,34,13,21,8,3,5,8,4,4,1,1,1,1,0.0,0
2019,43180728,100.0,0.0,0.0,1.2,1.0,1.3,9,4,5,28,3,25,8,4,4,1,1,0,1,0.0,0
2019,43183018,83.6,16.4,0.0,24.8,25.9,23.5,621,363,258,25,15,13,25,14,11,1,1,1,1,1.0,0
2019,43187560,79.6,20.4,0.0,24.2,23.8,24.9,702,428,274,41,27,20,29,18,11,1,1,1,1,1.0,0
2019,43189253,85.5,14.3,0.2,26.1,25.8,26.6,601,335,266,24,15,12,23,13,10,1,1,1,1,1.0,0
2019,43204643,81.8,18.2,0.0,26.2,26.6,26.2,759,453,306,40,25,20,29,17,12,1,1,1,1,1.0,0
2019,43208410,72.2,27.8,0.0,3.0,1.7,,18,7,11,8,3,6,6,3,3,0,0,0,1,1.0,0
2019,43208428,76.9,23.1,0.0,4.8,4.6,5.0,43,23,20,6,3,5,9,5,4,1,0,0,1,1.0,0
2019,43241000,80.0,20.0,0.0,2.1,1.6,3.5,19,8,11,15,7,11,9,5,4,1,1,1,1,1.0,0
2019,43293050,82.1,17.9,0.0,28.3,27.4,29.8,453,274,179,23,16,12,16,10,6,1,1,1,1,1.0,0
2019,43293069,84.3,15.7,0.0,26.4,25.9,27.1,977,517,460,45,25,21,37,20,17,1,1,1,1,1.0,0
2020,43000479,100.0,0.0,0.0,6.7,5.0,,20,20,0,3,2,3,3,1,2,1,0,0,0,0.0,0
2020,43001254,100.0,0.0,0.0,3.0,,,3,3,0,1,0,1,1,0,1,0,0,0,1,1.0,0
2020,43005047,100.0,0.0,0.0,1.5,1.0,,3,3,0,2,1,1,2,1,1,0,0,0,0,0.0,0
2020,43048200,100.0,0.0,0.0,26.5,25.9,28.5,477,363,114,24,19,7,18,14,4,1,1,1,1,1.0,0
2020,43104932,100.0,0.0,0.0,25.3,20.2,29.0,304,101,203,53,17,39,12,5,7,1,1,1,1,1.0,1
2020,43105009,97.6,2.4,0.0,28.4,,28.4,483,0,483,55,0,55,17,0,17,1,1,1,1,1.0,1
2020,43105246,100.0,0.0,0.0,20.4,20.4,,245,245,0,17,17,0,12,12,0,1,1,1,1,1.0,0
2020,43105386,91.8,0.0,8.2,21.1,23.2,19.5,295,139,156,19,7,15,14,6,8,1,0,0,1,1.0,0
2020,43105394,99.3,0.0,0.7,15.6,15.0,15.8,140,45,95,10,3,8,9,3,6,1,0,0,1,1.0,0
2020,43105440,100.0,0.0,0.0,25.1,24.6,26.1,804,491,313,38,25,20,32,20,12,1,1,1,1,1.0,0
2020,43105459,100.0,0.0,0.0,25.3,27.7,22.9,455,277,178,25,13,15,18,10,8,1,1,1,1,1.0,1
2020,43105467,100.0,0.0,0.0,23.1,21.9,25.1,693,417,276,40,26,17,30,19,11,1,1,1,1,1.0,0
2020,43105475,100.0,0.0,0.0,26.5,25.2,28.4,820,479,341,37,23,17,31,19,12,1,1,1,1,1.0,0
2020,43105483,100.0,0.0,0.0,26.7,27.2,26.8,1016,653,363,47,31,24,38,24,14,1,1,1,1,1.0,0
2020,43105491,100.0,0.0,0.0,24.2,23.9,24.8,727,454,273,33,22,17,30,19,11,1,1,1,1,1.0,0
2020,43105505,100.0,0.0,0.0,26.6,26.0,28.5,850,520,330,54,32,26,32,20,12,1,1,1,1,1.0,0
2020,43105513,100.0,0.0,0.0,24.4,24.1,26.2,536,362,174,33,23,15,22,15,7,1,1,1,1,1.0,0
2020,43105521,100.0,0.0,0.0,24.6,24.3,24.9,467,243,224,28,16,14,19,10,9,1,1,1,1,1.0,0
2020,43105530,100.0,0.0,0.0,24.5,25.5,25.1,490,265,225,28,16,16,20,10,10,1,1,1,1,1.0,0
2020,43105548,100.0,0.0,0.0,26.9,26.5,27.4,996,557,439,46,27,23,37,21,16,1,1,1,1,1.0,1
2020,43105564,100.0,0.0,0.0,20.9,20.9,,188,188,0,13,13,0,9,9,0,1,0,0,1,1.0,0
2020,43105580,100.0,0.0,0.0,21.2,18.8,22.8,276,94,182,29,6,23,13,5,8,1,0,0,1,0.0,1
2020,43105742,100.0,0.0,0.0,20.1,20.3,19.8,241,142,99,11,8,6,12,7,5,1,1,1,1,1.0,0
2020,43105750,100.0,0.0,0.0,19.0,19.8,17.7,152,99,53,13,8,8,8,5,3,1,1,1,1,1.0,0
2020,43105769,99.5,0.0,0.5,25.0,20.5,26.5,200,41,159,14,4,12,8,2,6,1,1,1,1,1.0,0
2020,43105785,100.0,0.0,0.0,26.8,21.0,33.2,509,210,299,24,12,15,19,10,9,1,1,1,1,0.0,0
2020,43105793,100.0,0.0,0.0,19.7,19.1,20.8,217,134,83,12,7,7,11,7,4,1,1,0,1,1.0,0
2020,43105807,100.0,0.0,0.0,27.4,25.6,28.6,657,256,401,36,10,28,24,10,14,1,1,1,1,1.0,1
2020,43105815,100.0,0.0,0.0,21.1,18.2,25.3,359,182,177,19,10,11,17,10,7,0,1,0,1,0.0,0
2020,43105823,100.0,0.0,0.0,16.4,16.8,15.8,246,151,95,18,11,8,15,9,6,0,1,0,1,1.0,0
2020,43105831,100.0,0.0,0.0,24.7,24.2,25.4,789,484,305,28,16,15,32,20,12,1,1,0,1,1.0,0
2020,43105840,100.0,0.0,0.0,7.8,8.6,6.8,70,43,27,11,5,7,9,5,4,1,1,1,1,1.0,0
2020,43105858,100.0,0.0,0.0,14.9,15.2,14.8,209,76,133,22,6,16,14,5,9,1,1,1,1,1.0,0
2020,43105866,99.8,0.0,0.2,22.8,21.4,25.0,524,299,225,24,10,14,23,14,9,1,1,0,1,1.0,0
2020,43105874,99.8,0.0,0.2,24.5,21.4,28.8,465,235,230,26,13,17,19,11,8,1,1,1,1,1.0,0
2020,43105882,99.4,0.0,0.6,24.7,23.5,26.3,692,376,316,26,18,13,28,16,12,1,0,0,1,1.0,0
2020,43105890,99.4,0.0,0.6,23.7,22.8,24.9,356,182,174,17,10,9,15,8,7,1,1,1,1,1.0,0
2020,43105904,98.8,1.2,0.0,22.9,22.3,23.9,436,245,191,20,10,12,19,11,8,1,0,0,1,1.0,0
2020,43105920,100.0,0.0,0.0,18.0,19.4,16.3,162,97,65,13,7,8,9,5,4,1,1,1,1,1.0,0
2020,43105939,100.0,0.0,0.0,21.1,21.5,19.5,211,172,39,16,15,6,10,8,2,1,1,1,1,1.0,0
2020,43105947,100.0,0.0,0.0,18.1,19.6,13.0,163,137,26,15,10,5,9,7,2,1,1,1,1,1.0,0
2020,43105963,100.0,0.0,0.0,15.6,15.6,,156,156,0,6,6,0,10,10,0,1,0,0,1,1.0,0
2020,43105971,98.6,0.0,1.4,17.6,19.8,15.5,141,79,62,11,3,8,8,4,4,1,1,1,1,1.0,0
2020,43105980,100.0,0.0,0.0,16.2,15.6,17.0,146,78,68,12,5,8,9,5,4,1,1,1,1,1.0,0
2020,43105998,100.0,0.0,0.0,25.4,23.8,27.4,457,238,219,23,12,12,18,10,8,1,1,1,1,1.0,0
2020,43106005,99.8,0.0,0.2,24.2,24.3,24.1,556,291,265,22,15,14,23,12,11,1,0,1,1,1.0,0
2020,43106013,98.6,1.4,0.0,8.1,9.0,7.0,73,45,28,11,7,9,9,5,4,1,1,1,1,1.0,1
2020,43106021,99.5,0.0,0.5,20.3,20.8,19.8,203,104,99,14,8,8,10,5,5,1,1,1,1,1.0,0
2020,43106030,100.0,0.0,0.0,19.8,18.7,21.2,237,131,106,12,5,8,12,7,5,1,1,1,1,1.0,1
2020,43106048,100.0,0.0,0.0,27.0,24.5,31.7,701,416,285,25,9,16,26,17,9,1,0,0,1,1.0,1
2020,43106056,100.0,0.0,0.0,23.1,23.4,22.8,208,117,91,15,7,9,9,5,4,1,0,0,1,1.0,0
2020,43106072,100.0,0.0,0.0,27.4,25.9,28.8,411,181,230,18,8,12,15,7,8,1,1,1,1,1.0,0
2020,43106080,99.2,0.8,0.0,22.5,22.2,22.8,270,133,137,16,8,9,12,6,6,1,1,0,1,1.0,1
2020,43106099,100.0,0.0,0.0,22.1,22.1,22.1,376,199,177,17,8,11,17,9,8,1,1,1,1,1.0,0
2020,43106102,100.0,0.0,0.0,18.8,18.8,,94,94,0,5,5,0,5,5,0,1,1,1,1,1.0,0
2020,43106110,99.5,0.0,0.5,23.3,21.3,25.9,420,213,207,19,11,10,18,10,8,0,1,1,1,1.0,0
2020,43106129,98.5,0.0,1.5,23.9,22.9,25.8,407,252,155,15,11,7,17,11,6,1,1,0,1,1.0,0
2020,43106137,100.0,0.0,0.0,17.1,15.9,18.7,274,143,131,16,8,10,16,9,7,1,0,1,1,1.0,0
2020,43106145,100.0,0.0,0.0,21.9,21.9,21.9,350,175,175,17,9,10,16,8,8,1,1,1,1,0.0,0
2020,43106153,100.0,0.0,0.0,22.9,21.7,24.8,480,282,198,20,12,11,21,13,8,1,0,0,1,1.0,0
2020,43106161,100.0,0.0,0.0,24.6,25.4,24.0,271,127,144,17,7,14,11,5,6,1,1,1,1,1.0,0
2020,43106170,99.3,0.0,0.7,17.3,18.8,15.5,156,94,62,12,6,7,9,5,4,1,1,1,1,1.0,0
2020,43106188,100.0,0.0,0.0,24.6,23.9,25.4,442,239,203,17,12,11,18,10,8,1,1,0,1,1.0,0
2020,43106196,99.6,0.0,0.4,24.7,23.3,27.5,814,490,324,41,19,26,33,21,12,1,0,0,1,1.0,0
2020,43106200,100.0,0.0,0.0,16.0,16.5,15.3,160,99,61,14,8,8,10,6,4,1,1,1,1,1.0,0
2020,43106218,99.5,0.0,0.5,19.9,18.5,21.8,378,204,174,20,9,11,19,11,8,1,1,1,1,1.0,0
2020,43106234,98.1,0.0,1.9,14.8,13.4,16.0,163,67,96,15,5,10,11,5,6,1,0,0,1,1.0,0
2020,43106242,100.0,0.0,0.0,25.4,24.6,26.6,432,246,186,20,12,13,17,10,7,0,1,0,1,1.0,0
2020,43106250,99.8,0.2,0.0,23.9,23.8,24.3,455,285,170,16,9,7,19,12,7,1,1,1,1,0.0,0
2020,43106277,98.9,0.0,1.1,20.2,19.1,21.6,364,191,173,22,12,14,18,10,8,1,1,1,1,1.0,0
2020,43106293,100.0,0.0,0.0,27.6,25.5,29.6,551,255,296,18,8,12,20,10,10,0,1,1,1,1.0,0
2020,43106307,100.0,0.0,0.0,17.6,21.2,13.0,158,106,52,12,7,7,9,5,4,1,1,1,1,1.0,0
2020,43106315,100.0,0.0,0.0,24.6,23.7,25.4,345,142,203,17,7,12,14,6,8,1,0,1,1,1.0,0
2020,43106323,100.0,0.0,0.0,24.6,24.4,26.0,320,268,52,12,9,4,13,11,2,1,1,1,1,1.0,0
2020,43106331,100.0,0.0,0.0,15.5,16.6,8.0,124,116,8,9,6,4,8,7,1,1,1,1,1,1.0,0
2020,43106340,100.0,0.0,0.0,17.6,17.2,18.0,247,103,144,21,6,15,14,6,8,1,1,1,1,1.0,1
2020,43106358,99.0,0.0,1.0,14.1,10.7,16.8,99,32,67,11,5,8,7,3,4,1,1,0,1,0.0,0
2020,43106366,98.6,1.4,0.0,21.6,20.4,23.8,691,429,262,25,17,11,32,21,11,1,1,1,1,1.0,0
2020,43106374,100.0,0.0,0.0,22.7,21.6,24.4,589,345,244,28,19,16,26,16,10,1,1,1,1,1.0,0
2020,43106382,97.8,0.0,2.2,18.6,18.6,,93,93,0,6,6,0,5,5,0,1,1,1,1,1.0,0
2020,43106390,100.0,0.0,0.0,19.8,21.6,17.5,178,108,70,16,7,9,9,5,4,1,1,1,1,1.0,1
2020,43106412,100.0,0.0,0.0,21.9,23.0,20.5,197,115,82,11,7,7,9,5,4,1,1,1,1,1.0,0
2020,43106420,96.9,3.1,0.0,20.3,21.0,19.5,264,147,117,19,8,13,13,7,6,1,1,1,1,1.0,0
2020,43106439,98.0,0.0,2.0,28.6,25.4,33.1,544,279,265,22,10,14,19,11,8,1,1,1,1,1.0,0
2020,43106447,100.0,0.0,0.0,21.0,19.6,22.3,315,137,178,20,11,13,15,7,8,1,1,1,1,1.0,0
2020,43106455,99.8,0.2,0.0,23.3,23.0,23.8,420,230,190,22,13,13,18,10,8,1,1,0,1,1.0,0
2020,43106463,100.0,0.0,0.0,25.4,23.9,27.5,483,263,220,25,12,16,19,11,8,1,0,0,1,1.0,0
2020,43106480,100.0,0.0,0.0,25.3,24.7,26.1,405,222,183,18,7,12,16,9,7,1,0,0,1,1.0,0
2020,43106498,99.8,0.2,0.0,25.6,24.6,26.7,538,271,267,33,12,23,21,11,10,1,1,1,1,1.0,1
2020,43106501,98.8,0.7,0.5,24.3,22.7,26.3,437,227,210,25,13,14,18,10,8,1,1,1,1,1.0,0
2020,43106528,100.0,0.0,0.0,21.8,20.6,23.4,393,206,187,22,12,12,18,10,8,1,1,1,1,1.0,0
2020,43106536,97.5,0.0,2.5,13.6,12.4,15.0,122,62,60,8,5,5,9,5,4,0,1,0,1,0.0,0
2020,43106544,100.0,0.0,0.0,26.7,26.2,27.2,267,131,136,11,7,6,10,5,5,1,1,0,1,1.0,0
2020,43106552,100.0,0.0,0.0,19.4,17.9,22.6,310,197,113,19,12,10,16,11,5,1,1,1,1,1.0,0
2020,43106560,100.0,0.0,0.0,17.3,16.9,17.6,380,169,211,20,9,15,22,10,12,1,1,1,1,1.0,0
2020,43106587,99.4,0.0,0.6,25.9,23.5,28.9,466,235,231,23,13,15,18,10,8,1,1,1,1,0.0,0
2020,43106595,99.7,0.0,0.3,25.8,27.0,25.0,335,135,200,21,7,16,13,5,8,1,1,1,1,0.0,0
2020,43106609,100.0,0.0,0.0,17.9,18.4,17.3,304,166,138,18,8,13,17,9,8,1,0,1,1,1.0,0
2020,43106617,97.8,2.2,0.0,17.7,17.5,18.0,319,193,126,18,8,10,18,11,7,1,1,1,1,1.0,0
2020,43106625,100.0,0.0,0.0,25.3,26.2,24.3,228,131,97,13,6,9,9,5,4,1,1,1,1,1.0,0
2020,43106641,100.0,0.0,0.0,25.8,24.9,26.9,464,249,215,19,12,11,18,10,8,1,0,0,1,1.0,0
2020,43106650,100.0,0.0,0.0,22.6,22.6,,113,113,0,6,6,0,5,5,0,1,1,1,1,1.0,0
2020,43106668,100.0,0.0,0.0,16.2,16.0,16.3,97,32,65,11,3,8,6,2,4,1,0,0,1,1.0,0
2020,43106676,100.0,0.0,0.0,21.4,20.3,22.4,299,142,157,16,8,11,14,7,7,1,1,1,1,1.0,0
2020,43106684,100.0,0.0,0.0,13.3,11.6,16.0,106,58,48,14,7,9,8,5,3,1,1,1,1,1.0,0
2020,43106692,100.0,0.0,0.0,22.2,22.5,21.0,289,247,42,15,10,6,13,11,2,1,0,1,1,0.0,1
2020,43106706,98.4,0.0,1.6,19.5,19.4,20.0,254,194,60,15,9,6,13,10,3,1,1,1,1,1.0,0
2020,43106714,100.0,0.0,0.0,23.2,25.8,18.0,418,310,108,21,12,10,18,12,6,1,0,1,1,1.0,0
2020,43106722,100.0,0.0,0.0,24.4,24.2,24.8,440,242,198,23,11,14,18,10,8,1,1,0,1,1.0,0
2020,43106757,100.0,0.0,0.0,16.8,18.8,14.3,151,94,57,16,11,9,9,5,4,1,1,1,1,1.0,1
2020,43106765,98.7,0.0,1.3,23.9,22.6,26.1,693,406,287,27,16,15,29,18,11,1,1,1,0,0.0,0
2020,43106773,100.0,0.0,0.0,27.4,27.4,,219,219,0,7,7,0,8,8,0,1,1,0,1,1.0,0
2020,43106781,99.8,0.0,0.2,26.4,25.8,26.8,659,310,349,34,13,22,25,12,13,1,1,1,1,1.0,0
2020,43106790,97.5,0.0,2.5,23.4,21.2,25.9,398,191,207,24,8,17,17,9,8,1,1,1,1,0.0,0
2020,43106803,100.0,0.0,0.0,22.1,21.3,23.1,398,213,185,16,11,9,18,10,8,1,1,1,1,1.0,0
2020,43106811,100.0,0.0,0.0,20.6,21.0,20.0,185,105,80,15,7,10,9,5,4,1,1,1,1,1.0,0
2020,43106820,99.0,0.0,1.0,17.6,17.8,17.3,300,196,104,16,10,10,17,11,6,1,0,0,1,1.0,0
2020,43106838,98.7,0.0,1.3,15.2,10.0,16.5,76,10,66,9,3,8,5,1,4,1,1,1,1,1.0,0
2020,43106846,100.0,0.0,0.0,18.1,20.2,15.5,163,101,62,11,5,7,9,5,4,1,1,1,0,0.0,0
2020,43106854,100.0,0.0,0.0,19.8,18.9,21.2,257,151,106,15,8,9,13,8,5,1,0,0,1,0.0,0
2020,43106862,100.0,0.0,0.0,21.2,19.5,23.3,381,195,186,19,9,11,18,10,8,1,1,1,1,0.0,0
2020,43106870,100.0,0.0,0.0,17.6,16.2,21.3,247,162,85,18,14,7,14,10,4,0,1,1,1,1.0,1
2020,43106889,100.0,0.0,0.0,20.5,19.4,21.8,349,175,174,19,12,11,17,9,8,1,1,0,1,1.0,0
2020,43106897,99.7,0.0,0.3,20.8,20.9,20.7,395,209,186,23,11,16,19,10,9,1,1,1,1,1.0,0
2020,43106900,99.1,0.0,0.9,12.4,12.8,12.0,112,64,48,11,6,7,9,5,4,1,1,1,1,1.0,0
2020,43106919,100.0,0.0,0.0,21.8,,21.8,348,0,348,15,0,15,16,0,16,1,0,0,1,1.0,0
2020,43106927,96.9,3.1,0.0,23.1,24.5,21.7,715,368,347,26,12,17,31,15,16,1,1,1,1,1.0,0
2020,43106935,99.9,0.0,0.1,27.7,26.2,29.1,1162,551,611,39,15,24,42,21,21,1,1,1,1,1.0,0
2020,43106943,100.0,0.0,0.0,23.2,22.8,23.5,510,251,259,26,10,17,22,11,11,1,1,1,1,1.0,0
2020,43106951,100.0,0.0,0.0,24.1,23.6,24.8,385,236,149,20,12,9,16,10,6,1,0,0,1,1.0,0
2020,43106960,100.0,0.0,0.0,25.0,24.8,25.3,575,297,278,24,14,14,23,12,11,1,0,0,1,1.0,0
2020,43106978,97.0,0.0,3.0,9.0,7.0,9.7,36,7,29,7,3,6,4,1,3,1,1,1,1,0.0,0
2020,43106986,100.0,0.0,0.0,22.1,22.7,21.0,353,227,126,13,7,6,16,10,6,1,1,1,1,0.0,0
2020,43106994,100.0,0.0,0.0,21.8,21.1,22.9,371,211,160,20,9,11,17,10,7,1,1,0,1,1.0,0
2020,43107001,100.0,0.0,0.0,18.6,19.4,17.3,317,213,104,16,8,10,17,11,6,1,1,1,1,1.0,0
2020,43107036,100.0,0.0,0.0,23.9,22.7,26.1,550,341,209,19,11,9,23,15,8,1,0,0,1,1.0,0
2020,43107044,100.0,0.0,0.0,24.6,23.7,25.6,442,237,205,19,10,11,18,10,8,1,0,0,1,1.0,0
2020,43107052,100.0,0.0,0.0,18.9,17.5,21.0,322,175,147,15,9,9,17,10,7,1,0,0,1,1.0,0
2020,43107060,100.0,0.0,0.0,22.9,23.1,22.5,343,208,135,14,9,8,15,9,6,1,0,1,1,1.0,0
2020,43107079,100.0,0.0,0.0,20.6,20.6,20.6,556,268,288,36,11,25,27,13,14,1,1,1,1,1.0,0
2020,43107087,100.0,0.0,0.0,18.5,17.6,20.5,240,158,82,20,12,8,13,9,4,1,1,0,1,0.0,1
2020,43107095,100.0,0.0,0.0,19.0,18.4,19.8,171,92,79,12,9,7,9,5,4,1,1,1,1,0.0,0
2020,43107117,100.0,0.0,0.0,20.0,17.0,23.8,180,85,95,12,5,8,9,5,4,1,1,1,1,1.0,1
2020,43107125,99.0,0.0,1.0,21.4,20.6,22.5,193,103,90,13,5,9,9,5,4,1,1,1,1,1.0,0
2020,43107133,99.7,0.0,0.3,20.8,20.3,21.3,291,142,149,17,9,12,14,7,7,1,1,1,1,1.0,0
2020,43107141,99.7,0.0,0.3,21.5,20.5,23.0,366,205,161,16,9,8,17,10,7,1,1,1,1,0.0,0
2020,43107150,99.4,0.0,0.6,20.0,22.8,16.5,180,114,66,13,5,8,9,5,4,1,0,1,1,1.0,0
2020,43107168,100.0,0.0,0.0,17.5,18.4,16.7,192,92,100,15,7,10,11,5,6,1,1,1,1,1.0,0
2020,43107192,100.0,0.0,0.0,23.3,22.0,25.0,420,220,200,23,17,14,18,10,8,1,1,1,1,1.0,0
2020,43107206,100.0,0.0,0.0,21.6,22.7,20.1,368,227,141,17,8,9,17,10,7,1,1,1,1,1.0,0
2020,43107214,100.0,0.0,0.0,26.2,23.2,30.3,497,255,242,23,8,15,19,11,8,1,1,1,1,0.0,0
2020,43107222,100.0,0.0,0.0,14.6,16.2,12.5,131,81,50,12,12,7,9,5,4,0,1,1,1,1.0,0
2020,43107230,100.0,0.0,0.0,14.3,14.2,14.5,129,71,58,12,7,7,9,5,4,1,1,0,1,1.0,0
2020,43107257,99.8,0.0,0.2,27.3,26.4,29.4,464,317,147,16,9,8,17,12,5,1,1,0,1,1.0,0
2020,43107265,100.0,0.0,0.0,22.2,20.8,23.9,399,208,191,21,13,12,18,10,8,1,1,1,1,1.0,0
2020,43107273,99.8,0.0,0.2,25.0,22.0,27.7,475,198,277,18,7,11,19,9,10,1,1,1,1,1.0,0
2020,43107281,99.3,0.0,0.7,24.7,24.4,25.1,445,244,201,21,11,12,18,10,8,1,1,1,1,1.0,0
2020,43107290,100.0,0.0,0.0,21.4,20.3,22.6,470,244,226,23,9,15,22,12,10,1,1,1,1,1.0,1
2020,43107303,98.8,1.2,0.0,21.9,20.3,24.9,503,304,199,21,13,10,23,15,8,1,1,1,1,1.0,1
2020,43107311,100.0,0.0,0.0,24.1,22.1,26.7,821,420,401,35,18,19,34,19,15,1,1,1,1,0.0,0
2020,43107320,100.0,0.0,0.0,20.3,19.5,21.7,488,293,195,28,12,18,24,15,9,1,0,0,1,1.0,0
2020,43107338,100.0,0.0,0.0,17.9,17.2,18.8,161,86,75,12,4,8,9,5,4,1,1,1,1,1.0,0
2020,43107346,100.0,0.0,0.0,9.8,8.8,10.8,78,35,43,11,3,8,8,4,4,1,1,1,1,1.0,1
2020,43107354,100.0,0.0,0.0,19.1,18.3,20.1,287,146,141,21,8,15,15,8,7,1,1,1,1,1.0,0
2020,43107478,100.0,0.0,0.0,18.5,17.9,19.5,296,161,135,22,11,11,16,9,7,1,1,1,1,0.0,0
2020,43107486,100.0,0.0,0.0,13.6,17.2,9.0,122,86,36,13,5,8,9,5,4,1,1,1,1,1.0,0
2020,43107508,100.0,0.0,0.0,26.1,25.3,28.2,1095,632,463,53,35,24,42,25,17,1,1,1,1,1.0,0
2020,43107583,100.0,0.0,0.0,16.4,16.2,16.7,557,323,234,53,18,35,34,20,14,1,0,0,1,1.0,0
2020,43107826,100.0,0.0,0.0,24.7,25.3,24.0,445,253,192,17,9,10,18,10,8,1,0,0,1,1.0,0
2020,43107842,100.0,0.0,0.0,25.7,26.1,25.6,901,549,352,45,26,23,35,21,14,1,1,1,1,1.0,0
2020,43107850,100.0,0.0,0.0,1.0,1.0,1.0,3,2,1,11,2,9,3,2,1,1,1,1,1,1.0,0
2020,43107885,99.0,0.0,1.0,26.3,24.1,29.3,499,265,234,31,18,15,19,11,8,1,1,1,1,0.0,0
2020,43107923,100.0,0.0,0.0,21.0,19.9,22.5,419,239,180,20,11,10,20,12,8,1,1,0,1,0.0,0
2020,43107931,100.0,0.0,0.0,22.5,21.6,23.5,517,259,258,25,12,15,23,12,11,1,1,1,1,1.0,0
2020,43107966,100.0,0.0,0.0,21.6,22.2,21.0,216,111,105,13,7,8,10,5,5,1,1,0,1,1.0,0
2020,43107982,99.9,0.0,0.1,29.1,26.9,32.9,727,431,296,25,15,12,25,16,9,1,1,1,1,1.0,0
2020,43107990,44.1,4.5,51.4,15.7,15.8,15.7,236,126,110,23,7,17,15,8,7,1,0,0,1,1.0,0
2020,43108016,100.0,0.0,0.0,20.7,19.8,21.5,228,99,129,18,5,13,11,5,6,1,0,0,1,1.0,1
2020,43108032,100.0,0.0,0.0,20.7,19.2,22.2,248,115,133,17,8,10,12,6,6,1,1,1,1,1.0,0
2020,43108040,97.6,0.0,2.4,22.8,16.5,29.1,456,165,291,34,14,23,20,10,10,1,1,0,1,1.0,1
2020,43108059,100.0,0.0,0.0,8.8,12.0,8.0,44,12,32,10,2,9,5,1,4,1,1,1,1,0.0,0
2020,43108067,100.0,0.0,0.0,22.1,22.8,21.4,730,388,342,37,15,23,33,17,16,1,0,1,1,1.0,0
2020,43108083,100.0,0.0,0.0,19.9,16.6,23.6,338,149,189,22,10,15,17,9,8,1,0,0,1,0.0,0
2020,43108091,92.8,6.3,0.9,25.6,22.5,28.6,409,180,229,26,13,15,16,8,8,1,1,1,1,1.0,1
2020,43108113,99.6,0.4,0.0,24.8,20.8,28.2,273,104,169,24,7,18,11,5,6,1,1,1,1,1.0,1
2020,43108172,100.0,0.0,0.0,19.9,19.4,20.7,318,194,124,21,11,12,16,10,6,1,0,1,1,0.0,0
2020,43108180,100.0,0.0,0.0,21.1,21.8,20.3,443,240,203,30,14,20,21,11,10,1,1,1,1,0.0,0
2020,43108202,98.9,0.8,0.3,27.9,28.3,27.6,531,283,248,26,12,19,19,10,9,1,0,0,1,1.0,0
2020,43108210,100.0,0.0,0.0,18.5,19.8,15.5,240,178,62,8,5,4,13,9,4,1,0,0,1,1.0,0
2020,43108229,99.8,0.2,0.0,22.0,20.4,24.0,461,245,216,19,9,10,21,12,9,0,0,1,1,1.0,0
2020,43108237,100.0,0.0,0.0,21.7,19.7,23.3,304,118,186,25,8,19,14,6,8,1,1,1,1,1.0,1
2020,43108245,100.0,0.0,0.0,22.9,23.4,22.3,206,117,89,14,8,9,9,5,4,1,1,1,1,1.0,0
2020,43108300,98.8,0.6,0.6,18.3,20.0,16.3,165,100,65,13,6,7,9,5,4,0,1,1,1,1.0,0
2020,43108318,100.0,0.0,0.0,23.8,22.6,25.7,1192,679,513,49,24,25,50,30,20,1,0,0,1,1.0,0
2020,43108326,99.8,0.2,0.0,22.9,21.7,24.7,412,239,173,15,8,9,18,11,7,1,1,0,1,1.0,0
2020,43108334,100.0,0.0,0.0,22.4,20.8,24.5,202,104,98,11,5,8,9,5,4,1,0,0,0,0.0,0
2020,43108342,100.0,0.0,0.0,20.6,20.5,20.7,412,205,207,23,10,16,20,10,10,1,1,0,1,1.0,0
2020,43108350,99.6,0.0,0.4,23.2,24.1,22.3,488,265,223,17,8,10,21,11,10,1,1,1,1,0.0,0
2020,43108385,100.0,0.0,0.0,24.2,23.7,25.0,266,166,100,18,10,9,11,7,4,1,1,1,1,1.0,0
2020,43108474,100.0,0.0,0.0,26.4,25.4,27.7,739,407,332,28,16,13,28,16,12,1,1,0,1,1.0,0
2020,43108482,100.0,0.0,0.0,15.4,15.5,15.3,231,124,107,25,11,16,15,8,7,1,1,1,1,0.0,0
2020,43108490,100.0,0.0,0.0,25.1,23.3,27.5,351,186,165,15,8,9,14,8,6,1,1,1,1,1.0,0
2020,43108547,99.2,0.0,0.8,20.3,18.7,22.4,366,187,179,21,10,13,18,10,8,1,1,1,1,1.0,0
2020,43108563,100.0,0.0,0.0,24.3,24.5,24.0,486,318,168,24,17,9,20,13,7,1,1,1,1,1.0,1
2020,43108571,100.0,0.0,0.0,26.9,25.9,28.7,808,492,316,35,23,15,30,19,11,1,1,1,1,1.0,0
2020,43108709,100.0,0.0,0.0,23.5,22.5,24.5,470,225,245,26,11,18,20,10,10,1,1,1,1,1.0,0
2020,43108717,100.0,0.0,0.0,20.0,17.0,23.8,180,85,95,15,5,11,9,5,4,1,1,0,1,1.0,1
2020,43108725,99.7,0.0,0.3,20.3,19.9,20.8,305,139,166,15,7,9,15,7,8,1,1,1,1,1.0,0
2020,43108733,98.4,0.0,1.6,20.6,23.2,18.7,247,116,131,20,7,14,12,5,7,1,1,1,1,1.0,0
2020,43108750,100.0,0.0,0.0,14.8,14.3,15.3,118,57,61,13,5,8,8,4,4,1,1,1,1,1.0,0
2020,43108768,99.8,0.2,0.0,25.1,20.9,28.9,627,251,376,35,11,24,25,12,13,1,1,1,1,1.0,0
2020,43108784,100.0,0.0,0.0,19.5,19.5,,195,195,0,8,8,0,10,10,0,1,1,1,1,1.0,0
2020,43108792,100.0,0.0,0.0,20.1,18.5,22.6,361,203,158,20,14,12,18,11,7,1,0,0,1,1.0,0
2020,43108806,100.0,0.0,0.0,23.4,23.0,24.0,374,230,144,18,12,7,16,10,6,1,1,0,1,1.0,0
2020,43108830,100.0,0.0,0.0,22.1,22.1,,243,243,0,8,8,0,11,11,0,1,1,0,1,0.0,0
2020,43108911,100.0,0.0,0.0,25.9,25.9,25.9,932,517,415,45,18,28,36,20,16,1,1,0,1,1.0,0
2020,43108954,100.0,0.0,0.0,18.8,18.8,18.9,301,169,132,13,7,7,16,9,7,1,1,1,1,1.0,0
2020,43108970,100.0,0.0,0.0,17.9,17.5,18.5,323,175,148,16,11,9,18,10,8,1,1,1,1,1.0,0
2020,43109055,100.0,0.0,0.0,26.8,25.4,28.9,804,457,347,40,23,22,30,18,12,1,1,1,1,1.0,1
2020,43109063,100.0,0.0,0.0,25.1,25.0,29.0,427,267,160,24,17,10,17,10,7,1,1,1,1,1.0,0
2020,43109071,100.0,0.0,0.0,21.3,24.4,17.5,192,122,70,19,12,11,9,5,4,1,1,1,1,1.0,1
2020,43109080,100.0,0.0,0.0,26.6,26.2,27.1,1010,577,433,44,26,20,38,22,16,1,1,1,1,1.0,1
2020,43109098,100.0,0.0,0.0,25.5,27.1,24.8,766,442,324,38,23,24,30,16,14,1,1,1,1,1.0,1
2020,43109101,100.0,0.0,0.0,25.5,25.6,25.1,509,333,176,29,20,13,20,13,7,1,1,1,1,1.0,0
2020,43109110,97.6,0.0,2.4,10.3,9.7,11.3,82,37,45,11,6,8,8,3,5,1,1,1,1,0.0,0
2020,43109128,100.0,0.0,0.0,24.3,24.1,24.7,681,385,296,32,21,13,28,16,12,1,1,1,1,1.0,0
2020,43109144,100.0,0.0,0.0,25.9,27.2,25.6,829,522,307,38,25,19,32,19,13,1,1,1,1,1.0,0
2020,43109179,98.5,0.0,1.5,19.9,19.6,20.3,279,157,122,19,10,11,14,8,6,1,1,1,1,1.0,0
2020,43109195,100.0,0.0,0.0,21.8,23.3,19.6,370,233,137,22,17,10,17,10,7,1,1,1,1,1.0,0
2020,43109209,100.0,0.0,0.0,23.3,24.1,23.0,536,337,199,32,21,15,23,14,9,1,1,1,1,1.0,0
2020,43109217,100.0,0.0,0.0,25.0,24.0,26.8,899,551,348,47,33,19,36,23,13,1,1,1,1,1.0,0
2020,43109225,100.0,0.0,0.0,26.1,25.1,27.6,964,578,386,54,34,24,37,23,14,1,1,1,1,1.0,1
2020,43109233,100.0,0.0,0.0,22.9,23.1,22.4,503,346,157,24,16,10,22,15,7,1,1,1,1,1.0,1
2020,43109241,100.0,0.0,0.0,16.2,16.2,,81,81,0,4,4,0,5,5,0,1,1,1,1,1.0,0
2020,43109250,100.0,0.0,0.0,25.0,23.5,27.1,425,235,190,17,9,9,17,10,7,1,1,1,1,1.0,0
2020,43109268,99.5,0.0,0.5,23.4,23.8,22.7,421,262,159,16,12,9,18,11,7,1,1,1,1,1.0,0
2020,43109357,100.0,0.0,0.0,9.2,9.2,,46,46,0,6,6,0,5,5,0,1,0,0,1,1.0,0
2020,43167179,100.0,0.0,0.0,23.4,22.3,24.9,864,491,373,50,31,26,37,22,15,1,1,1,1,1.0,0
2020,43167535,100.0,0.0,0.0,25.7,25.7,25.6,1052,592,460,52,33,26,41,23,18,1,1,1,1,1.0,0
2020,43169490,100.0,0.0,0.0,24.7,24.7,24.7,592,370,222,39,25,17,24,15,9,1,1,1,1,1.0,0
2020,43171290,100.0,0.0,0.0,23.0,22.4,24.0,668,404,264,29,19,14,29,18,11,1,1,1,1,1.0,0
2020,43172474,100.0,0.0,0.0,25.3,24.6,26.3,606,369,237,39,24,16,24,15,9,1,1,1,1,1.0,0
2020,43172482,100.0,0.0,0.0,26.0,26.2,27.3,832,516,316,36,25,23,32,19,13,1,1,1,1,1.0,0
2020,43172490,100.0,0.0,0.0,25.0,22.9,27.6,849,435,414,43,22,24,34,19,15,1,1,0,1,1.0,0
2020,43173195,100.0,0.0,0.0,21.2,20.6,22.1,361,206,155,23,16,11,17,10,7,1,1,1,1,1.0,0
2020,43173306,98.2,1.8,0.0,19.1,15.7,23.3,343,157,186,23,10,14,18,10,8,1,0,0,1,1.0,0
2020,43173713,100.0,0.0,0.0,25.2,24.6,26.0,428,246,182,23,15,12,17,10,7,1,1,1,1,1.0,0
2020,43173721,100.0,0.0,0.0,26.8,26.7,28.6,724,400,324,37,21,19,27,15,12,1,1,1,1,1.0,0
2020,43174329,,,,,,,128,128,0,13,13,0,17,17,0,1,1,1,1,1.0,0
2020,43174337,,,,,,,188,188,0,16,16,0,24,24,0,1,1,1,1,1.0,0
2020,43174345,,,,,,,200,200,0,15,15,0,27,27,0,1,0,1,1,0.0,0
2020,43175120,99.9,0.0,0.1,24.7,23.3,26.9,915,512,403,51,31,29,37,22,15,1,1,1,1,1.0,0
2020,43177018,100.0,0.0,0.0,15.3,17.2,13.0,138,86,52,15,8,9,9,5,4,1,1,1,1,1.0,0
2020,43177034,100.0,0.0,0.0,26.4,26.5,26.0,896,584,312,38,23,18,34,22,12,1,1,1,1,1.0,0
2020,43177042,100.0,0.0,0.0,22.5,22.3,23.0,338,223,115,29,21,10,15,10,5,1,1,1,1,1.0,0
2020,43177581,100.0,0.0,0.0,26.5,26.8,27.1,1035,633,402,48,30,24,39,23,16,1,1,1,1,1.0,1
2020,43178995,,,,,,,112,40,72,25,0,25,17,0,17,1,1,1,1,1.0,0
2020,43179002,,,,,,,104,45,59,24,0,24,14,0,14,1,0,1,1,1.0,1
2020,43179010,,,,,,,68,36,32,21,0,21,10,0,10,1,1,1,1,1.0,1
2020,43179029,,,,,,,123,41,82,21,0,21,17,0,17,1,1,1,1,1.0,0
2020,43180523,,,,,,,25,12,13,11,3,8,8,4,4,1,1,1,1,0.0,0
2020,43180728,100.0,0.0,0.0,1.0,,1.0,4,0,4,25,0,25,4,0,4,1,1,0,1,0.0,0
2020,43183018,100.0,0.0,0.0,24.8,26.2,23.5,619,383,236,23,14,14,25,14,11,1,1,1,1,1.0,0
2020,43187560,100.0,0.0,0.0,26.6,26.7,26.4,771,507,264,43,28,22,29,19,10,1,1,1,1,1.0,0
2020,43189253,100.0,0.0,0.0,27.3,27.1,27.6,656,352,304,22,15,10,24,13,11,1,1,1,1,1.0,0
2020,43204643,100.0,0.0,0.0,26.1,26.6,26.6,756,432,324,41,26,22,29,16,13,1,1,1,1,1.0,0
2020,43208410,100.0,0.0,0.0,3.4,3.6,3.0,27,18,9,13,5,11,8,5,3,0,0,0,1,1.0,0
2020,43208428,100.0,0.0,0.0,4.3,4.4,4.3,39,22,17,5,3,5,9,5,4,1,0,0,1,1.0,0
2020,43241000,100.0,0.0,0.0,1.9,1.2,3.0,19,6,13,15,9,12,10,5,5,1,1,1,1,1.0,0
2020,43293050,100.0,0.0,0.0,27.7,27.7,27.7,471,277,194,22,14,11,17,10,7,1,1,1,1,1.0,0
2020,43293069,100.0,0.0,0.0,25.8,25.1,26.8,956,528,428,43,24,20,37,21,16,1,1,1,1,1.0,1
2021,43000479,100.0,0.0,0.0,10.0,,,20,20,0,3,0,3,2,0,2,1,0,0,0,0.0,0
2021,43001254,100.0,0.0,0.0,3.5,,,7,7,0,1,0,1,2,0,2,0,0,0,1,1.0,0
2021,43005047,100.0,0.0,0.0,2.0,1.0,,4,4,0,2,1,1,2,1,1,0,0,0,0,0.0,0
2021,43048200,98.6,0.0,1.4,27.0,25.9,30.2,539,388,151,26,19,10,20,15,5,1,1,1,1,1.0,0
2021,43104932,,,,24.6,19.6,28.1,295,98,197,49,13,36,12,5,7,1,1,1,1,1.0,1
2021,43105009,,,,23.2,,23.2,464,0,464,52,0,52,20,0,20,1,1,1,1,1.0,1
2021,43105246,95.6,0.0,4.4,20.6,20.6,,329,329,0,24,24,0,16,16,0,1,1,1,1,1.0,1
2021,43105386,88.4,0.0,11.6,22.0,23.0,21.1,330,161,169,23,8,16,15,7,8,1,1,1,1,1.0,0
2021,43105394,88.6,0.0,11.4,16.6,13.5,17.7,133,27,106,13,3,10,8,2,6,1,1,0,1,1.0,0
2021,43105440,97.5,0.0,2.5,25.6,24.5,27.5,846,489,357,44,28,23,33,20,13,1,1,1,1,1.0,0
2021,43105459,99.4,0.0,0.6,26.2,26.0,27.4,472,260,212,25,13,16,18,10,8,1,1,1,1,1.0,1
2021,43105467,96.9,0.0,3.1,23.8,22.2,26.9,739,443,296,43,29,18,31,20,11,1,1,1,1,1.0,1
2021,43105475,99.4,0.0,0.6,27.1,25.9,28.8,868,493,375,37,22,18,32,19,13,1,1,1,1,1.0,0
2021,43105483,96.9,0.0,3.1,27.2,27.0,27.6,1062,621,441,52,31,24,39,23,16,1,1,1,1,1.0,0
2021,43105491,97.7,0.0,2.3,24.0,22.6,26.4,769,452,317,41,28,19,32,20,12,1,1,1,1,1.0,1
2021,43105505,98.5,0.0,1.5,26.9,25.2,30.3,888,555,333,53,33,22,33,22,11,1,1,1,1,1.0,0
2021,43105513,96.3,0.0,3.7,24.3,24.7,26.0,583,371,212,34,23,18,24,15,9,1,1,1,1,1.0,0
2021,43105521,99.1,0.0,0.9,24.2,24.1,24.2,459,241,218,30,16,16,19,10,9,1,1,1,1,1.0,0
2021,43105530,98.4,0.0,1.6,24.7,24.9,27.3,494,252,242,31,17,20,20,10,10,1,1,1,1,1.0,0
2021,43105548,95.6,0.0,4.4,25.4,24.9,25.9,964,523,441,49,27,25,38,21,17,1,1,1,1,1.0,0
2021,43105564,97.5,0.0,2.5,18.3,18.3,,165,165,0,12,12,0,9,9,0,1,0,0,1,1.0,0
2021,43105580,96.7,0.0,3.3,17.4,17.2,17.6,209,86,123,26,6,20,12,5,7,1,0,0,1,1.0,1
2021,43105742,95.9,0.0,4.1,22.2,22.2,22.2,244,133,111,10,5,6,11,6,5,1,1,1,1,1.0,0
2021,43105750,94.0,0.0,6.0,19.3,19.8,18.3,154,99,55,13,6,8,8,5,3,1,1,1,1,1.0,0
2021,43105769,95.7,0.0,4.3,23.7,22.0,24.0,142,22,120,17,2,16,6,1,5,1,1,1,1,1.0,0
2021,43105785,75.8,0.0,24.2,25.4,22.0,28.7,507,220,287,25,9,17,20,10,10,1,1,1,1,0.0,0
2021,43105793,90.9,0.0,9.1,18.8,17.6,21.0,207,123,84,13,5,9,11,7,4,1,1,0,1,1.0,0
2021,43105807,96.6,0.0,3.4,20.9,21.1,20.7,501,211,290,40,11,32,24,10,14,1,1,1,1,1.0,1
2021,43105815,98.0,0.0,2.0,17.1,17.0,17.3,308,170,138,20,10,12,18,10,8,0,1,0,1,0.0,0
2021,43105823,90.2,0.0,9.8,16.8,16.6,17.0,268,149,119,19,9,12,16,9,7,0,1,0,1,1.0,0
2021,43105831,91.5,0.0,8.5,24.4,21.9,28.3,755,416,339,28,14,16,31,19,12,1,1,1,1,1.0,0
2021,43105840,95.2,0.0,4.8,7.7,9.8,5.0,69,49,20,11,5,7,9,5,4,1,1,1,1,1.0,0
2021,43105858,94.5,0.0,5.5,17.8,17.8,17.9,214,89,125,21,6,15,12,5,7,1,1,1,1,1.0,0
2021,43105866,88.6,0.0,11.4,22.3,18.9,27.1,490,246,244,22,10,13,22,13,9,1,1,0,1,1.0,1
2021,43105874,99.7,0.0,0.3,22.7,19.5,27.1,431,214,217,28,11,18,19,11,8,1,1,1,1,1.0,0
2021,43105882,92.6,0.0,7.4,25.4,23.3,28.3,712,372,340,26,12,15,28,16,12,1,1,1,1,1.0,0
2021,43105890,96.6,0.0,3.4,21.5,21.7,21.4,323,152,171,17,8,11,15,7,8,1,1,1,1,1.0,0
2021,43105904,95.4,0.0,4.6,18.1,18.5,17.6,344,203,141,21,9,12,19,11,8,1,1,0,1,0.0,0
2021,43105920,96.7,0.0,3.3,16.9,16.0,18.0,152,80,72,15,7,9,9,5,4,1,1,1,1,1.0,0
2021,43105939,99.6,0.0,0.4,22.6,22.0,25.0,226,176,50,18,14,8,10,8,2,1,1,1,1,1.0,1
2021,43105947,99.3,0.0,0.7,18.0,18.3,17.0,180,146,34,19,12,7,10,8,2,1,1,1,1,1.0,0
2021,43105963,81.5,0.0,18.5,15.7,15.7,,157,157,0,8,8,0,10,10,0,1,0,0,1,1.0,0
2021,43105971,84.1,0.0,15.9,13.7,14.2,13.0,123,71,52,13,6,8,9,5,4,1,1,1,1,1.0,0
2021,43105980,95.1,0.0,4.9,14.8,12.2,18.0,133,61,72,14,6,9,9,5,4,1,1,1,1,1.0,0
2021,43105998,98.0,0.0,2.0,25.8,23.6,28.5,464,236,228,24,12,12,18,10,8,1,1,1,1,1.0,0
2021,43106005,94.5,0.0,5.5,22.9,20.1,25.9,526,241,285,24,11,15,23,12,11,1,0,1,1,1.0,0
2021,43106013,70.8,0.0,29.2,7.6,7.0,8.3,68,35,33,16,11,14,9,5,4,1,1,1,1,1.0,1
2021,43106021,95.0,0.0,5.0,16.4,18.8,14.0,164,94,70,15,6,9,10,5,5,1,1,1,1,1.0,0
2021,43106030,99.5,0.0,0.5,18.9,17.0,20.8,227,102,125,13,5,8,12,6,6,1,1,1,1,1.0,1
2021,43106048,91.6,0.0,8.4,25.2,22.9,29.3,654,390,264,27,10,17,26,17,9,1,0,0,1,1.0,1
2021,43106056,100.0,0.0,0.0,19.3,20.2,18.3,174,101,73,16,6,10,9,5,4,1,1,1,1,1.0,0
2021,43106072,92.4,0.0,7.6,25.4,24.3,26.4,381,170,211,18,8,12,15,7,8,1,1,1,1,1.0,0
2021,43106080,99.2,0.0,0.8,20.7,20.6,20.7,248,103,145,20,6,15,12,5,7,1,1,1,1,1.0,1
2021,43106099,95.3,0.0,4.7,21.7,20.7,22.9,369,186,183,19,8,12,17,9,8,1,1,1,1,1.0,0
2021,43106102,100.0,0.0,0.0,13.4,13.4,,67,67,0,5,5,0,5,5,0,1,1,1,1,1.0,0
2021,43106110,97.3,0.0,2.7,21.3,20.5,22.4,384,205,179,18,10,9,18,10,8,0,1,1,1,1.0,1
2021,43106129,94.9,0.0,5.1,22.4,20.5,25.3,403,226,177,15,9,7,18,11,7,1,1,0,1,1.0,1
2021,43106137,91.4,0.0,8.6,17.9,16.4,19.6,268,131,137,17,6,12,15,8,7,1,0,1,1,0.0,0
2021,43106145,83.8,0.0,16.2,24.2,23.4,24.9,363,164,199,16,6,11,15,7,8,1,1,1,1,0.0,0
2021,43106153,91.2,0.0,8.8,22.5,20.8,25.5,495,291,204,20,11,10,22,14,8,1,1,1,1,1.0,1
2021,43106161,99.0,0.0,1.0,20.7,18.4,23.0,207,92,115,15,6,11,10,5,5,1,1,1,1,0.0,0
2021,43106170,99.2,0.0,0.8,17.6,19.2,15.5,158,96,62,14,6,9,9,5,4,1,1,1,1,1.0,0
2021,43106188,92.0,0.0,8.0,23.8,22.3,25.8,429,223,206,17,7,11,18,10,8,1,1,0,1,1.0,0
2021,43106196,96.7,0.0,3.3,23.6,23.6,23.7,779,471,308,40,15,26,33,20,13,1,0,0,1,0.0,0
2021,43106200,96.0,3.4,0.6,15.2,15.7,14.5,152,94,58,14,7,8,10,6,4,1,1,1,1,1.0,0
2021,43106218,89.0,0.0,11.0,17.4,15.5,19.8,348,170,178,23,10,15,20,11,9,1,1,1,1,1.0,0
2021,43106234,95.4,0.0,4.6,17.1,13.6,20.6,171,68,103,16,6,10,10,5,5,1,1,0,1,1.0,0
2021,43106242,94.0,0.0,6.0,24.2,23.7,24.9,436,237,199,21,10,13,18,10,8,0,1,0,1,1.0,0
2021,43106250,97.1,0.0,2.9,21.8,20.5,23.9,392,225,167,15,8,8,18,11,7,1,1,1,1,0.0,0
2021,43106277,98.5,0.0,1.5,19.6,20.0,19.1,333,180,153,21,8,15,17,9,8,1,1,1,1,1.0,0
2021,43106293,95.9,0.0,4.1,23.8,22.3,25.2,475,223,252,19,7,13,20,10,10,0,1,1,1,1.0,0
2021,43106307,96.3,0.0,3.7,17.0,18.4,15.3,153,92,61,13,6,8,9,5,4,1,1,1,1,1.0,1
2021,43106315,96.3,0.0,3.7,23.8,23.3,24.3,357,163,194,22,7,17,15,7,8,1,1,1,1,1.0,0
2021,43106323,95.4,0.4,4.2,18.8,19.3,16.0,244,212,32,14,9,6,13,11,2,1,1,1,1,1.0,0
2021,43106331,100.0,0.0,0.0,14.9,15.3,12.0,119,107,12,10,6,5,8,7,1,1,1,1,1,1.0,0
2021,43106358,93.0,0.0,7.0,9.0,6.0,10.5,54,12,42,11,3,9,6,2,4,1,1,0,1,0.0,1
2021,43106366,97.2,0.0,2.8,16.8,17.8,15.1,554,373,181,25,14,12,33,21,12,1,1,1,1,1.0,0
2021,43106374,98.4,0.0,1.6,21.1,19.2,24.3,507,288,219,25,11,14,24,15,9,1,1,1,1,1.0,0
2021,43106382,100.0,0.0,0.0,17.0,17.0,,85,85,0,6,6,0,5,5,0,1,1,1,1,1.0,0
2021,43106390,99.4,0.0,0.6,20.2,20.8,19.5,182,104,78,16,6,10,9,5,4,1,1,1,1,1.0,1
2021,43106412,99.4,0.0,0.6,20.4,19.6,21.5,184,98,86,13,6,8,9,5,4,1,1,1,1,1.0,0
2021,43106420,92.6,0.0,7.4,17.6,16.3,19.1,264,130,134,23,9,16,15,8,7,1,1,1,1,1.0,0
2021,43106439,96.8,0.0,3.2,26.6,23.7,30.6,506,261,245,21,10,13,19,11,8,1,1,1,1,1.0,0
2021,43106447,99.5,0.0,0.5,20.8,19.4,22.6,375,194,181,33,19,15,18,10,8,1,1,1,1,0.0,1
2021,43106455,90.0,1.1,8.9,13.4,11.2,15.9,255,112,143,23,11,14,19,10,9,1,1,0,1,1.0,0
2021,43106463,100.0,0.0,0.0,22.5,21.3,24.3,428,234,194,24,11,15,19,11,8,1,0,0,1,1.0,0
2021,43106480,99.7,0.0,0.3,23.1,23.0,23.3,347,184,163,19,7,13,15,8,7,1,1,1,1,1.0,0
2021,43106498,98.7,0.0,1.3,26.1,25.3,27.0,548,278,270,34,11,24,21,11,10,1,1,0,1,1.0,1
2021,43106501,99.1,0.0,0.9,23.3,21.1,26.0,419,211,208,23,12,13,18,10,8,1,1,1,1,0.0,1
2021,43106528,96.3,0.0,3.7,20.8,19.5,22.5,375,195,180,20,9,12,18,10,8,1,1,1,1,1.0,0
2021,43106536,92.5,0.0,7.5,10.4,10.6,10.3,94,53,41,10,6,5,9,5,4,0,1,0,1,0.0,0
2021,43106544,99.5,0.0,0.5,21.1,20.4,21.8,211,102,109,13,6,8,10,5,5,1,1,0,1,1.0,0
2021,43106552,86.8,0.0,13.2,16.8,16.8,16.7,268,168,100,18,8,10,16,10,6,1,1,1,1,1.0,0
2021,43106560,99.4,0.0,0.6,15.6,15.1,16.0,343,151,192,26,11,18,22,10,12,1,1,1,1,1.0,0
2021,43106587,95.0,0.0,5.0,25.1,21.7,29.3,451,217,234,26,11,18,18,10,8,1,1,1,1,0.0,0
2021,43106595,98.6,0.0,1.4,29.8,29.0,30.3,357,145,212,21,6,16,12,5,7,1,1,1,1,0.0,0
2021,43106609,88.9,0.0,11.1,19.4,19.5,19.3,291,156,135,18,7,13,15,8,7,1,1,1,1,1.0,1
2021,43106617,76.5,4.7,18.8,18.0,17.4,18.9,342,191,151,23,9,14,19,11,8,1,1,1,1,1.0,0
2021,43106625,92.5,0.0,7.5,20.6,16.3,28.3,227,114,113,15,8,8,11,7,4,1,1,1,1,1.0,0
2021,43106641,96.5,0.0,3.5,22.7,23.3,22.0,409,233,176,19,10,11,18,10,8,1,1,0,1,1.0,0
2021,43106650,100.0,0.0,0.0,20.2,20.2,,101,101,0,5,5,0,5,5,0,1,1,1,1,1.0,0
2021,43106668,86.7,0.0,13.3,16.5,15.7,17.1,231,94,137,21,8,14,14,6,8,1,0,0,1,1.0,0
2021,43106676,96.6,0.0,3.4,17.9,18.3,17.6,251,110,141,18,7,14,14,6,8,1,1,1,1,1.0,0
2021,43106684,97.4,0.0,2.6,13.7,11.2,16.8,123,56,67,14,6,9,9,5,4,1,1,1,1,1.0,1
2021,43106692,100.0,0.0,0.0,21.1,20.8,22.5,274,229,45,14,9,6,13,11,2,1,0,1,1,0.0,1
2021,43106706,92.2,0.0,7.8,18.6,17.8,21.3,242,178,64,18,11,7,13,10,3,1,1,1,1,0.0,0
2021,43106714,96.7,0.0,3.3,14.2,13.2,16.3,256,158,98,20,11,10,18,12,6,1,1,1,1,1.0,0
2021,43106722,99.5,0.0,0.5,24.8,24.2,25.6,447,242,205,23,10,15,18,10,8,1,1,0,1,1.0,1
2021,43106757,90.2,0.0,9.8,17.4,19.6,14.8,157,98,59,17,13,9,9,5,4,1,1,1,1,1.0,1
2021,43106765,93.5,0.0,6.5,22.2,19.2,26.8,622,327,295,30,14,19,28,17,11,1,1,1,1,0.0,0
2021,43106773,100.0,0.0,0.0,25.8,25.8,,206,206,0,8,8,0,8,8,0,1,1,0,1,1.0,0
2021,43106781,96.3,0.0,3.7,25.6,23.8,27.4,614,285,329,33,14,22,24,12,12,1,1,1,1,1.0,0
2021,43106790,96.7,0.0,3.3,19.3,19.0,19.6,309,152,157,23,6,17,16,8,8,1,1,1,1,0.0,1
2021,43106803,96.7,0.0,3.3,21.4,20.0,23.1,385,200,185,18,9,10,18,10,8,1,1,1,1,1.0,0
2021,43106811,97.8,0.0,2.2,20.6,19.0,22.5,185,95,90,16,6,11,9,5,4,1,1,1,1,1.0,0
2021,43106820,100.0,0.0,0.0,16.1,13.6,20.7,274,150,124,15,10,9,17,11,6,1,0,0,1,1.0,0
2021,43106838,98.2,0.0,1.8,12.2,3.0,14.5,61,3,58,9,2,8,5,1,4,1,1,1,1,1.0,0
2021,43106846,87.4,0.0,12.6,17.2,17.2,17.2,172,86,86,12,4,9,10,5,5,1,1,1,1,0.0,0
2021,43106854,94.6,0.0,5.4,16.2,13.9,18.8,210,97,113,17,7,11,13,7,6,1,0,0,1,0.0,0
2021,43106862,96.1,0.0,3.9,18.6,16.3,21.5,335,163,172,20,7,13,18,10,8,1,1,1,1,0.0,1
2021,43106870,99.6,0.0,0.4,15.3,13.0,19.8,229,130,99,19,15,8,15,10,5,0,1,1,1,1.0,1
2021,43106889,96.8,0.0,3.2,20.4,18.3,22.2,346,146,200,20,8,14,17,8,9,1,1,0,1,1.0,0
2021,43106897,96.6,0.0,3.4,21.6,21.5,21.8,411,215,196,23,9,16,19,10,9,1,1,1,1,1.0,0
2021,43106900,100.0,0.0,0.0,11.6,12.0,11.0,104,60,44,13,6,8,9,5,4,1,1,1,1,1.0,0
2021,43106919,93.2,0.0,6.8,19.3,,19.3,328,0,328,17,0,17,17,0,17,1,1,1,1,1.0,0
2021,43106927,81.7,0.0,18.3,22.1,22.1,22.1,684,331,353,25,11,16,31,15,16,1,1,1,1,0.0,0
2021,43106935,100.0,0.0,0.0,26.6,25.2,28.0,1117,530,587,42,16,26,42,21,21,1,1,0,1,0.0,0
2021,43106943,96.5,0.0,3.5,21.4,19.7,22.9,492,217,275,29,10,20,23,11,12,1,1,1,1,1.0,0
2021,43106951,98.4,0.0,1.6,23.7,22.5,25.7,379,225,154,19,11,9,16,10,6,1,1,0,1,0.0,1
2021,43106960,94.5,0.0,5.5,24.3,24.1,24.5,559,289,270,22,12,13,23,12,11,1,0,0,1,1.0,1
2021,43106986,91.2,0.0,8.8,21.8,19.5,25.7,349,195,154,12,7,6,16,10,6,1,1,1,1,0.0,0
2021,43106994,94.6,0.0,5.4,21.4,20.8,22.3,364,208,156,20,10,12,17,10,7,1,1,0,1,0.0,1
2021,43107001,98.3,0.0,1.7,17.6,16.2,20.2,299,178,121,17,8,10,17,11,6,1,1,1,1,1.0,0
2021,43107036,89.1,0.0,10.9,22.1,20.1,25.9,508,301,207,19,10,11,23,15,8,1,0,1,1,1.0,0
2021,43107044,96.4,0.0,3.6,23.7,22.7,24.9,426,227,199,19,9,11,18,10,8,1,0,0,1,1.0,0
2021,43107052,94.5,0.0,5.5,19.2,17.1,22.1,326,171,155,17,8,10,17,10,7,1,1,0,1,1.0,1
2021,43107060,86.7,0.0,13.3,19.8,18.4,21.4,316,166,150,17,8,10,16,9,7,1,0,1,1,1.0,0
2021,43107079,93.5,0.0,6.5,20.4,19.8,21.0,551,257,294,37,11,26,27,13,14,1,1,1,1,1.0,0
2021,43107087,98.5,0.0,1.5,14.8,15.4,13.6,207,139,68,21,12,9,14,9,5,1,1,0,1,0.0,1
2021,43107095,100.0,0.0,0.0,17.1,14.8,20.0,154,74,80,13,6,8,9,5,4,1,1,1,1,0.0,0
2021,43107117,100.0,0.0,0.0,19.2,19.8,18.5,173,99,74,11,5,7,9,5,4,1,1,1,1,1.0,1
2021,43107125,96.6,0.0,3.4,22.8,21.0,25.0,205,105,100,13,5,9,9,5,4,1,1,1,1,1.0,0
2021,43107133,91.6,0.0,8.4,18.3,17.3,19.1,238,104,134,17,6,13,13,6,7,1,1,1,1,1.0,0
2021,43107141,100.0,0.0,0.0,12.4,11.7,13.4,211,117,94,17,7,10,17,10,7,1,1,1,1,0.0,0
2021,43107150,91.8,0.0,8.2,20.0,21.0,18.8,180,105,75,13,6,9,9,5,4,1,1,1,1,1.0,0
2021,43107168,92.7,0.0,7.3,21.2,18.8,24.3,191,94,97,11,5,7,9,5,4,1,1,1,1,1.0,0
2021,43107192,99.0,0.2,0.8,24.6,22.5,27.3,443,225,218,22,11,14,18,10,8,1,1,1,1,1.0,0
2021,43107206,85.2,0.0,14.8,20.0,17.6,23.4,340,176,164,19,8,12,17,10,7,1,1,1,1,1.0,0
2021,43107214,89.0,0.0,11.0,25.8,22.5,29.9,464,225,239,25,9,16,18,10,8,1,1,1,1,0.0,1
2021,43107222,100.0,0.0,0.0,13.6,13.6,13.5,122,68,54,14,12,7,9,5,4,1,1,1,1,1.0,0
2021,43107230,95.2,0.0,4.8,14.8,14.4,15.3,133,72,61,10,5,6,9,5,4,1,1,0,1,1.0,0
2021,43107257,92.7,0.0,7.3,15.6,8.2,30.4,235,83,152,19,9,11,16,11,5,1,1,0,1,0.0,0
2021,43107265,97.8,0.0,2.2,22.2,21.1,23.5,399,211,188,23,11,13,18,10,8,1,1,1,1,1.0,0
2021,43107273,83.2,0.0,16.8,26.3,23.0,28.8,420,161,259,21,9,13,16,7,9,1,1,1,1,1.0,0
2021,43107281,99.3,0.0,0.7,25.6,24.8,26.5,460,248,212,20,10,12,18,10,8,1,1,1,1,1.0,0
2021,43107290,96.7,0.0,3.3,20.4,21.2,19.6,470,254,216,27,12,17,23,12,11,1,1,1,1,1.0,1
2021,43107303,98.0,0.0,2.0,11.3,12.2,10.2,248,146,102,22,10,13,22,12,10,1,1,1,1,1.0,1
2021,43107311,99.6,0.0,0.4,24.3,23.5,25.3,851,446,405,36,15,22,35,19,16,1,1,1,1,1.0,1
2021,43107320,93.0,0.0,7.0,17.9,17.0,19.4,430,255,175,27,10,18,24,15,9,1,0,0,1,1.0,0
2021,43107338,92.3,0.0,7.7,19.0,15.8,23.0,171,79,92,15,6,9,9,5,4,1,1,1,1,0.0,0
2021,43107346,97.0,0.0,3.0,9.4,9.3,9.5,75,37,38,11,4,8,8,4,4,1,1,1,1,1.0,1
2021,43107354,93.4,0.0,6.6,17.3,16.2,18.8,312,162,150,25,9,18,18,10,8,1,1,1,1,1.0,1
2021,43107478,98.2,0.0,1.8,16.8,15.2,19.1,286,152,134,23,12,12,17,10,7,1,1,1,1,0.0,0
2021,43107486,95.8,0.0,4.2,14.9,17.2,12.0,134,86,48,16,7,9,9,5,4,1,1,1,1,1.0,0
2021,43107508,97.5,0.0,2.5,25.2,24.8,27.6,1110,621,489,48,32,22,44,25,19,1,1,1,1,1.0,0
2021,43107583,100.0,0.0,0.0,17.5,17.4,17.7,595,347,248,47,19,30,34,20,14,1,1,0,1,1.0,0
2021,43107826,95.2,0.0,4.8,24.3,24.3,24.3,437,243,194,19,8,12,18,10,8,1,0,0,1,1.0,0
2021,43107842,96.6,0.0,3.4,27.6,27.2,28.6,992,571,421,53,30,28,36,21,15,1,1,1,1,1.0,0
2021,43107850,100.0,0.0,0.0,1.3,1.3,,5,5,0,4,4,0,4,4,0,1,1,1,1,1.0,0
2021,43107885,94.1,0.0,5.9,23.7,20.4,27.3,450,204,246,33,16,20,19,10,9,1,1,1,1,0.0,0
2021,43107923,88.5,0.0,11.5,21.3,19.6,23.8,425,235,190,22,10,13,20,12,8,1,1,0,1,0.0,0
2021,43107931,97.8,0.0,2.2,22.5,21.5,23.5,472,237,235,25,12,15,21,11,10,1,1,1,1,0.0,0
2021,43107966,95.5,0.0,4.5,17.0,18.6,15.0,153,93,60,12,5,8,9,5,4,1,1,0,1,1.0,1
2021,43107982,99.6,0.0,0.4,28.8,27.1,32.6,721,460,261,29,15,15,25,17,8,1,1,1,1,1.0,0
2021,43107990,77.3,0.0,22.7,10.8,8.9,13.3,151,71,80,22,6,16,14,8,6,1,1,1,1,1.0,0
2021,43108016,94.9,0.0,5.1,20.1,18.6,21.3,221,93,128,18,6,13,11,5,6,1,0,0,1,1.0,1
2021,43108032,96.3,0.0,3.7,12.8,12.6,12.9,153,63,90,21,7,15,12,5,7,1,1,1,1,1.0,1
2021,43108040,88.2,0.0,11.8,23.4,17.3,28.8,397,138,259,32,9,25,17,8,9,1,1,0,1,1.0,1
2021,43108059,94.4,0.0,5.6,9.3,,9.3,37,0,37,9,0,9,4,0,4,1,1,1,1,0.0,0
2021,43108067,100.0,0.0,0.0,21.3,21.8,20.8,680,348,332,41,16,25,32,16,16,1,0,1,1,1.0,0
2021,43108083,100.0,0.0,0.0,19.3,15.4,24.3,348,154,194,22,8,15,18,10,8,1,1,1,1,0.0,0
2021,43108091,95.6,0.0,4.4,25.9,23.9,27.6,388,167,221,26,10,17,15,7,8,1,1,1,1,1.0,1
2021,43108113,99.2,0.0,0.8,22.9,21.4,24.2,252,107,145,22,7,16,11,5,6,1,1,1,1,1.0,1
2021,43108172,99.3,0.0,0.7,19.4,18.7,20.7,311,187,124,20,11,11,16,10,6,1,0,1,1,0.0,0
2021,43108180,94.5,0.0,5.5,21.2,20.5,22.0,423,225,198,26,11,17,20,11,9,1,1,1,1,0.0,1
2021,43108202,96.3,0.0,3.7,26.3,25.2,27.4,499,252,247,25,8,18,19,10,9,1,1,1,1,1.0,0
2021,43108210,98.3,0.0,1.7,16.9,17.8,14.5,236,178,58,15,8,7,14,10,4,1,1,0,1,1.0,0
2021,43108229,99.0,0.0,1.0,21.4,19.5,23.8,428,214,214,19,9,11,20,11,9,0,0,1,1,1.0,1
2021,43108237,97.5,0.0,2.5,22.5,21.3,23.4,315,128,187,28,8,21,14,6,8,1,1,1,1,1.0,1
2021,43108245,98.7,0.0,1.3,17.0,18.4,15.3,153,92,61,13,6,9,9,5,4,1,1,1,1,1.0,0
2021,43108300,95.1,0.0,4.9,12.9,13.4,12.3,116,67,49,17,6,11,9,5,4,0,1,1,1,1.0,0
2021,43108318,95.7,0.0,4.3,20.7,19.7,22.2,1033,590,443,49,24,26,50,30,20,1,0,0,1,1.0,1
2021,43108326,88.6,0.0,11.4,22.5,20.9,25.0,405,230,175,18,8,12,18,11,7,1,1,0,1,1.0,0
2021,43108334,95.8,0.0,4.2,20.6,16.8,25.3,185,84,101,11,4,8,9,5,4,1,1,0,0,0.0,0
2021,43108342,97.1,0.0,2.9,16.8,17.4,16.1,319,174,145,22,8,15,19,10,9,1,1,0,1,1.0,0
2021,43108350,95.1,0.0,4.9,22.6,23.7,21.4,475,261,214,19,8,12,21,11,10,1,1,1,1,0.0,1
2021,43108385,100.0,0.0,0.0,22.6,22.3,23.0,226,134,92,15,7,9,10,6,4,1,1,1,1,1.0,1
2021,43108474,96.8,0.0,3.2,24.8,23.3,26.6,719,373,346,31,17,15,29,16,13,1,1,1,1,1.0,0
2021,43108482,93.8,0.0,6.2,14.8,14.6,15.0,222,102,120,24,10,17,15,7,8,1,1,1,1,0.0,0
2021,43108490,90.9,0.0,9.1,20.4,18.4,22.4,286,129,157,18,7,11,14,7,7,1,1,1,1,1.0,0
2021,43108547,96.3,0.0,3.7,17.0,15.6,18.6,289,140,149,22,9,14,17,9,8,1,1,1,1,1.0,0
2021,43108563,96.9,0.0,3.1,24.3,24.4,24.3,535,341,194,28,17,14,22,14,8,1,1,1,1,1.0,0
2021,43108571,98.2,0.0,1.8,25.8,24.3,28.4,827,486,341,39,26,17,32,20,12,1,1,1,1,1.0,0
2021,43108709,94.9,0.0,5.1,23.3,20.7,25.9,466,207,259,32,10,24,20,10,10,1,1,1,1,1.0,0
2021,43108717,92.3,0.0,7.7,19.2,17.4,21.5,173,87,86,16,6,11,9,5,4,1,1,0,1,1.0,1
2021,43108725,94.2,0.0,5.8,19.9,20.3,19.5,278,122,156,16,6,12,14,6,8,0,1,1,1,1.0,0
2021,43108733,97.2,0.0,2.8,17.8,17.2,18.3,213,103,110,19,7,12,12,6,6,1,1,1,1,1.0,0
2021,43108750,98.2,0.0,1.8,14.4,10.3,16.8,115,31,84,11,3,8,8,3,5,1,1,1,1,1.0,1
2021,43108768,98.3,0.0,1.7,22.5,21.5,23.3,586,236,350,39,11,28,26,11,15,1,1,1,1,1.0,0
2021,43108784,99.4,0.0,0.6,16.3,16.3,,163,163,0,10,10,0,10,10,0,1,1,1,1,1.0,0
2021,43108792,97.7,0.0,2.3,15.9,17.7,14.0,271,159,112,18,9,10,17,9,8,1,0,0,1,1.0,0
2021,43108806,87.8,0.0,12.2,19.4,17.6,22.5,311,176,135,16,9,8,16,10,6,1,1,0,1,1.0,1
2021,43108830,100.0,0.0,0.0,22.1,22.1,,221,221,0,6,6,0,10,10,0,1,1,0,1,0.0,0
2021,43108911,91.9,0.0,8.1,24.8,23.6,26.3,917,496,421,46,18,29,37,21,16,1,1,1,1,1.0,0
2021,43108954,89.9,0.0,10.1,11.1,9.3,12.4,155,56,99,14,6,9,14,6,8,1,1,1,1,1.0,0
2021,43108970,92.8,0.0,7.2,20.2,19.6,20.9,363,196,167,18,9,11,18,10,8,1,1,1,1,1.0,0
2021,43109055,99.8,0.0,0.2,27.2,25.5,29.5,817,434,383,43,25,22,30,17,13,1,1,1,1,1.0,0
2021,43109063,94.7,0.0,5.3,24.8,24.1,27.5,446,274,172,27,19,12,18,11,7,1,1,1,1,1.0,1
2021,43109071,98.4,0.0,1.6,21.9,23.2,20.3,197,116,81,20,12,12,9,5,4,1,1,1,1,1.0,0
2021,43109080,95.8,0.0,4.2,26.6,26.8,26.5,1039,562,477,54,30,26,39,21,18,1,1,1,1,1.0,0
2021,43109098,99.4,0.0,0.6,26.5,26.9,27.4,794,434,360,40,23,25,30,16,14,1,1,1,1,1.0,1
2021,43109101,97.5,0.0,2.5,25.0,24.8,26.4,549,338,211,30,19,15,22,13,9,1,1,1,1,1.0,1
2021,43109110,85.2,0.0,14.8,10.4,9.0,11.5,73,27,46,10,4,8,7,3,4,1,1,1,1,0.0,0
2021,43109128,97.2,0.0,2.8,26.8,25.8,28.0,749,413,336,37,20,18,28,16,12,1,1,1,1,1.0,1
2021,43109144,96.4,0.0,3.6,24.9,25.6,26.5,871,519,352,48,30,25,35,20,15,1,1,1,1,1.0,1
2021,43109179,90.9,0.0,9.1,19.2,17.9,20.8,250,125,125,21,10,12,13,7,6,1,1,1,1,1.0,0
2021,43109195,99.1,0.0,0.9,20.9,23.3,18.0,377,233,144,24,15,12,18,10,8,1,1,1,1,1.0,1
2021,43109209,94.8,0.0,5.2,23.5,22.4,26.1,563,336,227,38,22,19,24,15,9,1,1,1,1,1.0,0
2021,43109217,96.6,0.0,3.4,25.5,24.2,27.9,944,581,363,49,35,20,37,24,13,1,1,1,1,1.0,1
2021,43109225,98.9,0.0,1.1,25.3,23.9,27.5,985,573,412,57,35,27,39,24,15,1,1,1,1,1.0,0
2021,43109233,95.9,0.0,4.1,22.9,21.1,26.3,526,316,210,29,19,12,23,15,8,1,1,1,1,1.0,1
2021,43109241,95.9,0.0,4.1,14.4,14.4,,72,72,0,3,3,0,5,5,0,1,1,1,1,1.0,0
2021,43109250,95.7,0.0,4.3,23.3,23.3,23.3,419,233,186,20,8,13,18,10,8,1,1,1,1,1.0,0
2021,43109268,93.0,0.0,7.0,7.1,6.8,7.6,121,68,53,17,9,10,17,10,7,1,1,1,1,1.0,0
2021,43167179,98.8,0.0,1.2,23.1,22.2,24.2,876,489,387,59,34,31,38,22,16,1,1,1,1,1.0,0
2021,43167535,100.0,0.0,0.0,25.8,25.2,26.5,1031,554,477,59,35,29,40,22,18,1,1,1,1,1.0,0
2021,43169490,97.5,0.0,2.5,25.7,25.0,26.8,643,375,268,41,25,19,25,15,10,1,1,1,1,1.0,1
2021,43171290,88.4,0.0,11.6,23.6,21.5,27.1,685,387,298,31,16,16,29,18,11,1,1,1,1,1.0,0
2021,43172474,97.5,0.0,2.5,24.7,23.1,27.1,618,347,271,38,24,18,25,15,10,1,1,1,1,1.0,0
2021,43172482,99.9,0.0,0.1,26.7,26.0,29.3,854,486,368,42,29,25,32,18,14,1,1,1,1,1.0,1
2021,43172490,97.8,0.0,2.2,26.2,24.9,27.7,892,449,443,47,26,25,34,18,16,1,1,0,1,1.0,0
2021,43173195,95.7,0.0,4.3,19.9,20.9,18.8,359,209,150,27,17,14,18,10,8,1,1,1,1,1.0,1
2021,43173306,98.0,0.0,2.0,15.1,12.8,17.8,257,115,142,26,10,18,17,9,8,1,0,0,1,1.0,0
2021,43173713,96.8,0.0,3.2,25.2,25.2,25.1,453,252,201,23,14,10,18,10,8,1,1,1,1,1.0,0
2021,43173721,99.0,0.0,1.0,26.7,26.5,29.0,722,398,324,33,19,16,27,15,12,1,1,1,1,1.0,0
2021,43174329,,,,,,,135,135,0,14,14,0,18,18,0,1,1,1,1,1.0,1
2021,43174337,,,,,,,168,168,0,16,16,0,24,24,0,1,1,1,1,1.0,0
2021,43174345,,,,,,,219,219,0,16,16,0,29,29,0,1,0,1,1,0.0,0
2021,43175120,97.3,0.0,2.7,25.3,24.7,26.0,935,519,416,53,32,30,37,21,16,1,1,1,1,1.0,0
2021,43177018,96.6,0.0,3.4,16.1,15.4,17.0,145,77,68,14,8,7,9,5,4,1,1,1,1,1.0,0
2021,43177034,98.4,0.0,1.6,26.4,25.8,27.4,949,593,356,42,28,20,36,23,13,1,1,1,1,1.0,1
2021,43177042,97.6,0.0,2.4,22.8,23.0,22.3,364,230,134,31,20,14,16,10,6,1,1,1,1,1.0,0
2021,43177581,96.6,0.0,3.4,26.3,26.2,26.3,1077,656,421,53,32,24,41,25,16,1,1,1,1,1.0,1
2021,43178995,,,,,,,117,41,76,25,4,25,17,1,16,1,1,1,1,1.0,0
2021,43179002,,,,,,,112,50,62,21,0,21,14,0,14,1,0,1,1,1.0,0
2021,43179010,,,,,,,66,34,32,24,0,24,10,0,10,1,1,1,1,1.0,0
2021,43179029,,,,,,,119,44,75,20,0,20,21,0,21,1,1,1,1,1.0,1
2021,43180523,,,,,,,50,17,33,11,3,8,10,5,5,1,1,1,1,0.0,0
2021,43180728,100.0,0.0,0.0,1.0,,1.0,1,0,1,9,0,9,1,0,1,1,1,0,1,0.0,0
2021,43183018,96.5,0.0,3.5,24.1,25.9,22.3,627,388,239,29,17,17,26,15,11,1,1,1,1,1.0,0
2021,43187560,100.0,0.0,0.0,27.1,26.1,29.0,840,521,319,42,28,19,31,20,11,1,1,1,1,1.0,0
2021,43189253,96.1,0.0,3.9,27.6,27.2,28.1,663,326,337,25,13,14,24,12,12,1,1,1,1,1.0,0
2021,43204643,99.5,0.0,0.5,25.1,25.9,25.9,753,390,363,42,23,23,30,15,15,1,1,1,1,1.0,0
2021,43208410,91.2,0.0,8.8,3.6,3.4,3.8,32,17,15,13,5,11,9,5,4,0,1,1,1,1.0,1
2021,43208428,100.0,0.0,0.0,9.5,,,38,20,18,2,0,2,4,0,4,1,0,0,1,1.0,0
2021,43241000,92.9,0.0,7.1,2.0,3.0,2.0,16,7,9,15,7,13,8,2,6,1,1,0,1,1.0,1
2021,43293050,99.6,0.0,0.4,27.9,26.5,29.8,503,265,238,32,18,16,18,10,8,1,1,1,1,1.0,0
2021,43293069,99.1,0.0,0.9,25.8,25.6,26.1,981,537,444,46,26,22,38,21,17,1,1,1,1,1.0,0
2022,43000479,93.8,6.2,0.0,9.0,,,18,18,0,1,0,1,2,0,2,1,0,0,0,,0
2022,43001254,80.0,20.0,0.0,2.0,2.0,,4,4,0,2,1,1,2,1,1,0,0,0,1,1.0,0
2022,43005047,60.0,40.0,0.0,3.0,,,6,6,0,2,0,2,2,0,2,0,0,0,1,0.0,0
2022,43048200,91.2,8.6,0.2,26.4,26.8,25.5,448,295,153,44,30,19,17,11,6,1,1,1,1,1.0,0
2022,43104932,96.0,4.0,0.0,25.1,19.6,29.0,301,98,203,51,14,37,12,5,7,1,1,1,1,1.0,1
2022,43105009,94.8,5.2,0.0,28.1,,28.1,477,0,477,29,0,29,17,0,17,1,1,1,1,1.0,1
2022,43105246,90.2,8.3,1.5,20.2,20.5,18.5,344,307,37,24,19,7,17,15,2,1,1,1,1,1.0,0
2022,43105386,92.1,6.6,1.3,23.4,23.6,23.3,375,189,186,27,10,18,16,8,8,1,1,1,1,1.0,0
2022,43105394,83.6,9.1,7.3,14.9,14.0,15.0,104,14,90,11,2,10,7,1,6,1,1,0,1,1.0,0
2022,43105440,94.5,3.4,2.1,22.4,22.1,22.8,851,486,365,39,22,21,38,22,16,1,1,1,1,1.0,0
2022,43105459,92.3,7.2,0.5,27.0,26.9,27.1,459,269,190,26,12,17,17,10,7,1,1,1,1,1.0,1
2022,43105467,96.4,0.7,2.9,22.7,20.8,25.9,726,415,311,47,30,23,32,20,12,1,1,1,1,1.0,1
2022,43105475,87.6,12.0,0.4,25.7,24.4,27.8,873,512,361,40,27,18,34,21,13,1,1,1,1,1.0,0
2022,43105483,80.5,19.3,0.2,25.2,24.2,26.7,1085,605,480,56,31,26,43,25,18,1,1,1,1,1.0,0
2022,43105491,89.4,7.5,3.1,23.6,23.2,24.2,803,464,339,46,29,20,34,20,14,1,1,1,1,1.0,1
2022,43105505,93.5,5.1,1.4,24.3,22.6,27.2,873,519,354,54,34,23,36,23,13,1,1,1,1,1.0,0
2022,43105513,85.7,13.0,1.3,22.3,23.6,20.1,558,377,181,36,25,15,25,16,9,1,0,1,1,1.0,0
2022,43105521,98.2,0.9,0.9,21.4,21.9,20.9,450,241,209,32,17,17,21,11,10,1,1,1,1,1.0,0
2022,43105530,89.0,9.7,1.3,24.1,23.5,24.7,457,235,222,26,15,15,19,10,9,1,1,1,1,1.0,0
2022,43105548,89.9,9.3,0.8,24.1,24.0,24.1,914,504,410,46,26,22,38,21,17,1,1,1,1,1.0,1
2022,43105564,91.0,9.0,0.0,23.3,23.3,,233,233,0,16,16,0,10,10,0,1,0,0,1,1.0,0
2022,43105580,95.9,4.1,0.0,23.5,19.4,27.0,259,97,162,25,6,20,11,5,6,1,0,0,1,0.0,1
2022,43105742,88.7,6.7,4.6,22.5,25.8,19.8,248,129,119,12,4,9,11,5,6,1,1,1,1,1.0,0
2022,43105750,92.1,7.3,0.6,21.0,23.8,17.5,189,119,70,21,11,13,9,5,4,1,1,1,1,1.0,0
2022,43105769,94.4,0.0,5.6,21.8,13.0,24.0,109,13,96,14,2,13,5,1,4,1,1,1,1,1.0,0
2022,43105785,92.7,3.0,4.3,24.3,21.8,26.5,510,218,292,28,9,20,21,10,11,1,1,1,1,0.0,0
2022,43105793,84.4,12.1,3.5,16.0,16.7,15.2,176,100,76,13,5,9,11,6,5,1,1,0,1,1.0,0
2022,43105807,81.0,18.7,0.3,26.9,24.0,29.2,619,240,379,32,8,24,23,10,13,1,1,1,1,1.0,1
2022,43105815,86.9,11.3,1.8,18.8,17.7,20.3,339,177,162,19,9,11,18,10,8,1,1,1,1,0.0,0
2022,43105823,88.8,10.8,0.4,16.3,17.3,14.9,260,156,104,16,7,10,16,9,7,1,1,0,1,0.0,0
2022,43105831,88.6,11.3,0.1,22.2,20.2,25.4,709,404,305,31,16,16,32,20,12,1,1,1,1,1.0,0
2022,43105840,92.5,5.0,2.5,16.8,21.4,11.0,151,107,44,21,13,14,9,5,4,1,1,1,1,1.0,0
2022,43105858,96.2,3.8,0.0,19.5,18.6,20.3,215,93,122,20,7,14,11,5,6,1,1,1,1,1.0,0
2022,43105866,69.3,29.6,1.1,20.3,17.6,24.3,466,247,219,26,9,18,23,14,9,1,1,0,1,1.0,1
2022,43105874,99.5,0.3,0.2,21.3,18.4,25.0,384,184,200,27,9,19,18,10,8,1,1,1,1,1.0,0
2022,43105882,81.0,19.0,0.0,25.1,23.3,27.7,704,372,332,26,12,15,28,16,12,1,1,1,1,1.0,0
2022,43105890,85.0,15.0,0.0,20.9,22.6,19.4,313,158,155,15,7,10,15,7,8,1,1,1,1,1.0,1
2022,43105904,80.3,19.7,0.0,22.2,21.7,22.8,421,239,182,21,8,13,19,11,8,1,1,0,1,0.0,0
2022,43105920,89.0,11.0,0.0,16.4,16.0,17.0,148,80,68,16,7,10,9,5,4,1,1,1,1,1.0,0
2022,43105939,92.5,7.5,0.0,21.5,23.1,18.3,258,185,73,19,13,9,12,8,4,1,1,1,1,1.0,1
2022,43105947,93.7,6.3,0.0,15.5,16.6,11.0,171,149,22,22,14,8,11,9,2,1,1,1,1,1.0,0
2022,43105963,78.3,21.7,0.0,14.6,14.6,,146,146,0,8,8,0,10,10,0,1,0,0,1,1.0,0
2022,43105971,74.6,21.3,4.1,13.9,13.2,14.8,125,66,59,14,6,9,9,5,4,1,1,1,1,1.0,0
2022,43105980,100.0,0.0,0.0,13.1,12.0,14.5,118,60,58,17,6,12,9,5,4,1,1,1,1,1.0,0
2022,43105998,96.5,2.8,0.7,23.3,21.4,25.8,420,214,206,23,12,12,18,10,8,1,1,1,1,1.0,0
2022,43106005,95.4,3.4,1.2,22.5,22.5,22.5,518,248,270,29,11,19,23,11,12,1,0,1,1,1.0,0
2022,43106013,77.6,18.8,3.6,8.0,9.2,6.5,72,46,26,14,11,11,9,5,4,1,1,1,1,1.0,1
2022,43106021,90.3,7.0,2.7,21.0,19.0,23.5,189,95,94,17,6,12,9,5,4,1,1,1,1,1.0,0
2022,43106030,77.7,17.2,5.1,18.9,20.8,17.3,246,125,121,18,7,12,13,6,7,1,1,1,1,1.0,1
2022,43106048,82.6,16.7,0.7,26.0,23.9,29.5,702,407,295,26,12,15,27,17,10,1,0,0,1,1.0,1
2022,43106056,86.4,13.6,0.0,20.6,18.4,23.3,185,92,93,15,7,9,9,5,4,1,1,1,1,1.0,0
2022,43106072,89.9,10.1,0.0,25.0,23.5,26.7,375,188,187,15,7,9,15,8,7,1,1,1,1,1.0,0
2022,43106080,89.4,8.2,2.4,22.0,24.2,20.2,242,121,121,17,6,12,11,5,6,1,1,1,1,1.0,1
2022,43106099,88.3,11.4,0.3,20.1,20.3,19.9,342,183,159,19,8,12,17,9,8,1,1,1,1,1.0,0
2022,43106102,98.5,1.5,0.0,14.0,14.0,,70,70,0,6,6,0,5,5,0,1,1,1,1,1.0,0
2022,43106110,96.0,3.0,1.0,23.4,23.4,23.5,422,234,188,18,8,11,18,10,8,1,1,1,1,1.0,1
2022,43106129,88.3,8.8,2.9,22.6,23.5,21.5,430,258,172,17,9,10,19,11,8,1,1,0,1,1.0,1
2022,43106137,82.3,15.4,2.3,18.4,17.0,20.1,294,153,141,16,6,11,16,9,7,1,0,1,1,0.0,0
2022,43106145,84.8,11.8,3.4,22.3,21.7,22.8,334,152,182,17,7,12,15,7,8,1,1,1,1,0.0,0
2022,43106153,79.7,20.3,0.0,23.8,23.2,24.6,475,278,197,22,11,12,20,12,8,1,1,1,1,1.0,1
2022,43106161,95.8,0.5,3.7,19.9,19.0,20.8,199,95,104,19,5,15,10,5,5,1,1,1,1,0.0,0
2022,43106170,96.2,3.8,0.0,19.8,21.6,17.5,178,108,70,15,7,10,9,5,4,1,1,1,1,1.0,0
2022,43106188,91.9,6.3,1.8,22.0,20.3,24.1,396,203,193,15,7,9,18,10,8,1,1,0,1,1.0,0
2022,43106196,90.5,9.2,0.3,23.5,21.9,26.2,752,438,314,38,14,25,32,20,12,1,1,1,1,0.0,0
2022,43106200,85.3,14.7,0.0,14.8,16.6,12.5,133,83,50,12,5,8,9,5,4,1,1,1,1,1.0,0
2022,43106218,89.4,10.3,0.3,19.3,17.2,22.3,367,189,178,24,10,15,19,11,8,1,1,1,1,1.0,0
2022,43106234,89.6,4.9,5.5,17.3,15.0,19.6,173,75,98,18,6,12,10,5,5,1,1,0,1,1.0,0
2022,43106242,90.8,6.5,2.7,23.2,22.6,24.0,418,226,192,20,9,13,18,10,8,1,1,0,1,1.0,0
2022,43106250,91.3,5.3,3.4,19.4,20.0,18.5,368,220,148,16,8,9,19,11,8,1,1,1,1,1.0,0
2022,43106277,84.1,12.6,3.3,21.9,21.4,22.4,372,193,179,26,11,17,17,9,8,1,1,1,1,1.0,0
2022,43106293,84.4,13.3,2.3,25.4,23.5,27.2,507,235,272,21,8,14,20,10,10,1,1,1,1,1.0,0
2022,43106307,93.3,4.7,2.0,15.8,16.0,15.5,158,96,62,12,6,7,10,6,4,1,1,1,1,1.0,1
2022,43106315,94.8,3.6,1.6,20.6,20.4,20.9,371,204,167,23,11,14,18,10,8,1,1,1,1,1.0,0
2022,43106323,95.2,3.7,1.1,24.2,25.4,21.8,363,254,109,21,10,12,15,10,5,1,1,1,1,1.0,0
2022,43106331,66.7,33.3,0.0,12.1,11.7,15.0,85,70,15,11,6,6,7,6,1,1,1,1,1,1.0,0
2022,43106358,86.2,1.5,12.3,9.8,5.5,12.0,59,11,48,13,3,11,6,2,4,1,1,0,1,0.0,1
2022,43106366,83.0,12.6,4.4,22.9,20.6,26.5,778,433,345,27,14,14,34,21,13,1,0,1,1,1.0,0
2022,43106374,92.7,6.5,0.8,21.8,20.1,24.3,501,282,219,22,10,13,23,14,9,1,1,1,1,1.0,0
2022,43106382,89.9,8.1,2.0,20.0,20.0,,100,100,0,6,6,0,5,5,0,1,1,1,1,1.0,0
2022,43106390,97.6,0.0,2.4,19.2,18.6,20.0,173,93,80,15,6,10,9,5,4,1,1,1,1,1.0,1
2022,43106412,72.1,27.9,0.0,20.6,20.8,20.3,185,104,81,13,6,8,9,5,4,1,1,1,1,1.0,0
2022,43106420,89.1,7.4,3.5,19.0,15.5,23.0,285,124,161,21,7,15,15,8,7,1,1,1,1,0.0,0
2022,43106439,89.2,9.0,1.8,29.6,26.2,33.9,533,262,271,18,8,12,18,10,8,1,1,1,1,1.0,0
2022,43106447,98.0,1.1,0.9,20.7,20.4,21.0,372,204,168,31,18,15,18,10,8,1,1,1,1,0.0,1
2022,43106455,91.3,5.7,3.0,23.6,21.2,26.4,471,233,238,24,10,15,20,11,9,1,1,0,1,1.0,0
2022,43106463,93.7,6.0,0.3,22.3,20.3,24.6,424,203,221,23,11,14,19,10,9,1,1,1,1,1.0,0
2022,43106480,82.9,17.1,0.0,24.9,24.7,25.3,424,222,202,23,7,17,17,9,8,1,1,1,1,1.0,0
2022,43106498,94.6,4.8,0.6,22.4,22.0,22.9,516,264,252,40,12,28,23,12,11,1,1,0,1,1.0,1
2022,43106501,96.5,3.3,0.2,22.6,21.0,24.6,407,210,197,25,12,14,18,10,8,1,1,1,1,0.0,1
2022,43106528,94.4,5.0,0.6,19.4,17.5,21.8,349,175,174,22,11,13,18,10,8,1,1,1,1,1.0,0
2022,43106536,92.9,6.3,0.8,14.4,15.4,13.3,130,77,53,9,4,6,9,5,4,1,1,0,1,0.0,0
2022,43106544,90.4,7.9,1.7,25.2,25.0,25.4,252,125,127,15,7,9,10,5,5,1,0,0,1,1.0,0
2022,43106552,89.1,10.9,0.0,17.9,17.4,18.8,287,174,113,17,7,11,16,10,6,1,1,1,1,1.0,0
2022,43106560,86.2,12.3,1.5,15.2,12.6,17.3,320,113,207,25,9,19,21,9,12,1,1,1,1,1.0,0
2022,43106587,97.5,2.5,0.0,20.7,17.5,24.8,373,175,198,28,10,19,18,10,8,1,1,1,1,0.0,0
2022,43106595,100.0,0.0,0.0,26.8,22.7,31.5,348,159,189,22,8,14,13,7,6,1,1,1,1,0.0,0
2022,43106609,93.8,5.8,0.4,16.7,18.3,15.3,250,128,122,19,7,14,15,7,8,1,1,1,1,1.0,1
2022,43106617,73.1,26.6,0.3,18.8,19.1,18.4,376,229,147,24,9,16,20,12,8,1,1,1,1,1.0,0
2022,43106625,75.1,24.6,0.3,26.8,27.5,26.0,321,165,156,15,7,10,12,6,6,1,1,1,1,1.0,0
2022,43106641,90.8,7.6,1.6,24.2,24.2,24.3,436,242,194,21,11,13,18,10,8,1,1,0,1,1.0,0
2022,43106650,99.1,0.9,0.0,23.8,23.8,,119,119,0,8,8,0,5,5,0,1,1,0,1,1.0,0
2022,43106668,87.8,12.2,0.0,18.9,21.8,16.5,208,109,99,21,9,12,11,5,6,1,0,0,1,1.0,0
2022,43106676,96.6,3.4,0.0,17.9,18.8,17.4,233,94,139,20,6,16,13,5,8,1,1,1,1,1.0,0
2022,43106684,97.5,2.5,0.0,19.3,20.0,18.5,174,100,74,21,10,12,9,5,4,1,1,1,1,1.0,1
2022,43106692,97.5,2.5,0.0,22.6,21.4,29.5,294,235,59,13,8,6,13,11,2,1,0,1,1,0.0,0
2022,43106706,84.2,14.1,1.7,18.7,19.5,16.8,262,195,67,18,11,8,14,10,4,1,1,1,1,0.0,0
2022,43106714,83.6,12.4,4.0,22.4,22.4,22.4,403,246,157,19,10,11,18,11,7,1,1,1,1,1.0,0
2022,43106722,95.8,2.6,1.6,24.0,23.7,24.4,432,237,195,25,11,16,18,10,8,1,1,0,1,1.0,1
2022,43106757,92.3,7.7,0.0,16.1,19.4,12.0,145,97,48,15,10,9,9,5,4,1,0,0,1,1.0,0
2022,43106765,92.1,7.2,0.7,26.5,25.4,28.1,716,407,309,32,14,22,27,16,11,1,1,1,1,0.0,0
2022,43106773,100.0,0.0,0.0,22.6,22.6,,181,181,0,8,8,0,8,8,0,1,1,0,1,1.0,0
2022,43106781,96.8,0.7,2.5,26.0,25.6,26.3,598,282,316,32,12,23,23,11,12,1,1,1,1,1.0,0
2022,43106790,87.3,11.8,0.9,20.7,18.9,22.3,310,132,178,26,8,19,15,7,8,1,1,1,1,0.0,1
2022,43106803,91.5,6.7,1.8,18.6,17.0,20.6,335,170,165,18,9,10,18,10,8,1,1,0,1,1.0,0
2022,43106811,90.0,9.4,0.6,19.9,20.0,19.8,179,100,79,16,6,11,9,5,4,1,1,1,1,1.0,0
2022,43106820,76.8,23.2,0.0,18.6,17.6,20.3,316,194,122,16,9,10,17,11,6,1,1,0,1,1.0,1
2022,43106838,89.6,8.3,2.1,12.3,,12.3,49,0,49,9,0,9,4,0,4,1,1,1,1,1.0,0
2022,43106846,91.3,3.5,5.2,20.4,20.2,20.8,184,101,83,10,4,7,9,5,4,1,1,1,1,0.0,0
2022,43106854,84.2,15.4,0.4,17.8,18.2,17.4,231,109,122,16,5,12,13,6,7,1,0,0,1,0.0,0
2022,43106862,94.9,1.9,3.2,17.4,15.7,19.6,314,157,157,23,8,15,18,10,8,1,1,1,1,1.0,1
2022,43106870,81.2,18.8,0.0,15.1,12.4,19.7,242,124,118,20,13,10,16,10,6,1,1,1,1,1.0,1
2022,43106889,90.6,9.0,0.4,17.9,16.0,19.7,305,128,177,25,8,17,17,8,9,1,1,0,1,1.0,0
2022,43106897,97.3,2.7,0.0,18.8,18.0,19.8,338,180,158,23,9,15,18,10,8,1,1,1,1,1.0,0
2022,43106900,98.9,0.0,1.1,11.5,11.4,11.7,92,57,35,13,6,8,8,5,3,1,1,1,1,1.0,0
2022,43106919,80.6,18.2,1.2,20.4,,20.4,346,0,346,18,0,18,17,0,17,1,1,1,1,1.0,0
2022,43106927,81.7,18.0,0.3,21.5,21.9,21.1,666,328,338,27,11,18,31,15,16,1,1,1,1,0.0,0
2022,43106935,96.8,2.7,0.5,26.8,25.6,28.0,1097,538,559,40,16,24,41,21,20,1,1,0,1,0.0,0
2022,43106943,84.7,15.3,0.0,21.9,20.3,23.3,503,223,280,31,8,23,23,11,12,1,1,1,1,1.0,0
2022,43106951,89.9,8.7,1.4,24.1,23.9,24.5,386,239,147,17,8,10,16,10,6,1,1,0,1,0.0,1
2022,43106960,83.0,15.6,1.4,23.5,22.5,24.6,564,293,271,22,9,15,24,13,11,1,0,0,1,1.0,1
2022,43106986,82.8,17.2,0.0,21.5,20.7,22.8,344,207,137,14,7,8,16,10,6,1,1,1,1,0.0,0
2022,43106994,94.0,2.7,3.3,18.9,18.8,19.1,322,188,134,18,9,12,17,10,7,1,1,0,1,0.0,1
2022,43107001,90.2,7.4,2.4,19.8,19.3,20.6,337,193,144,16,7,10,17,10,7,1,1,1,1,1.0,0
2022,43107036,87.7,11.5,0.8,22.0,20.4,25.0,506,306,200,22,12,11,23,15,8,1,1,1,1,1.0,0
2022,43107044,97.7,2.3,0.0,22.2,21.6,23.0,400,216,184,23,10,14,18,10,8,1,0,0,1,1.0,0
2022,43107052,76.9,22.8,0.3,19.6,16.6,24.0,334,166,168,13,6,8,17,10,7,1,1,0,1,1.0,1
2022,43107060,71.4,26.6,2.0,19.3,19.3,19.3,308,154,154,16,7,10,16,8,8,1,0,0,1,1.0,0
2022,43107079,91.7,5.7,2.6,22.2,20.9,23.5,577,272,305,38,11,28,26,13,13,1,1,1,1,1.0,0
2022,43107087,95.5,4.5,0.0,17.5,17.0,18.5,227,153,74,23,14,9,13,9,4,1,0,0,1,0.0,1
2022,43107095,99.2,0.8,0.0,14.2,12.2,16.8,128,61,67,14,6,9,9,5,4,1,1,1,1,0.0,0
2022,43107117,88.5,11.5,0.0,17.0,16.6,17.5,153,83,70,13,5,9,9,5,4,1,1,1,1,1.0,1
2022,43107125,95.1,4.9,0.0,22.3,18.6,27.0,201,93,108,15,5,10,9,5,4,1,1,1,1,1.0,0
2022,43107133,85.4,11.4,3.2,18.8,20.0,17.7,244,120,124,18,6,14,13,6,7,1,1,1,1,1.0,0
2022,43107141,91.6,5.8,2.6,20.7,19.7,22.1,352,197,155,18,7,11,17,10,7,1,1,1,1,0.0,0
2022,43107150,73.8,26.2,0.0,19.7,20.8,18.3,177,104,73,14,6,9,9,5,4,1,1,1,1,1.0,0
2022,43107168,88.6,10.2,1.2,18.1,16.8,19.8,163,84,79,15,6,10,9,5,4,1,1,1,1,1.0,0
2022,43107192,99.0,0.8,0.2,22.1,20.3,24.4,398,203,195,22,11,13,18,10,8,1,1,1,1,1.0,0
2022,43107206,82.8,16.9,0.3,15.6,14.1,17.6,250,127,123,17,7,11,16,9,7,1,1,1,1,1.0,0
2022,43107214,94.8,3.6,1.6,25.5,23.9,27.5,459,239,220,25,9,16,18,10,8,1,1,1,1,0.0,1
2022,43107222,87.6,4.4,8.0,12.8,11.6,14.3,115,58,57,13,10,7,9,5,4,1,1,1,1,1.0,0
2022,43107230,96.8,3.2,0.0,13.1,12.0,14.5,118,60,58,10,4,7,9,5,4,1,1,0,1,1.0,0
2022,43107257,80.8,19.2,0.0,23.8,25.5,21.5,452,280,172,24,9,16,19,11,8,1,1,0,1,0.0,0
2022,43107265,98.3,1.7,0.0,18.9,17.4,20.8,340,174,166,22,10,13,18,10,8,1,1,1,1,1.0,0
2022,43107273,89.5,5.1,5.4,23.6,20.3,26.0,330,122,208,21,9,14,14,6,8,1,1,1,1,1.0,0
2022,43107281,93.0,5.2,1.8,25.4,24.6,26.4,457,246,211,20,8,13,18,10,8,1,1,1,1,1.0,1
2022,43107290,87.8,12.2,0.0,19.1,21.2,17.3,440,233,207,24,10,16,23,11,12,1,1,1,1,1.0,1
2022,43107303,73.2,26.8,0.0,19.6,19.9,19.4,491,278,213,22,12,12,25,14,11,1,1,1,1,1.0,1
2022,43107311,94.6,4.8,0.6,22.9,22.3,23.6,800,423,377,37,18,21,35,19,16,1,1,1,1,0.0,0
2022,43107320,86.3,9.4,4.3,22.9,21.1,25.8,549,317,232,29,12,17,24,15,9,1,0,0,1,1.0,0
2022,43107338,88.7,8.9,2.4,18.7,16.0,22.0,168,80,88,15,6,9,9,5,4,1,1,1,1,0.0,0
2022,43107346,97.2,2.8,0.0,7.2,7.0,7.5,65,35,30,13,5,9,9,5,4,1,1,1,1,1.0,1
2022,43107354,84.1,15.9,0.0,21.7,19.8,24.1,391,198,193,27,10,19,18,10,8,1,1,1,1,1.0,1
2022,43107478,94.5,3.6,1.9,16.2,15.2,17.4,291,152,139,24,12,13,18,10,8,1,1,1,1,0.0,0
2022,43107486,83.2,16.8,0.0,12.4,12.4,12.5,112,62,50,18,6,12,9,5,4,1,1,1,1,1.0,0
2022,43107508,81.6,16.8,1.6,23.3,22.8,23.9,1118,593,525,54,29,29,48,26,22,1,1,1,1,1.0,0
2022,43107583,96.7,3.3,0.0,15.7,14.8,17.0,534,296,238,46,21,27,34,20,14,1,0,0,1,1.0,0
2022,43107826,94.6,4.7,0.7,24.1,24.7,23.4,434,247,187,16,8,9,18,10,8,1,0,0,1,1.0,0
2022,43107842,81.2,16.9,1.9,27.3,27.2,27.5,984,571,413,48,29,22,36,21,15,1,1,1,1,1.0,0
2022,43107850,100.0,0.0,0.0,2.0,2.0,,6,6,0,3,3,0,3,3,0,1,1,1,1,1.0,0
2022,43107885,84.9,14.1,1.0,27.0,25.1,29.1,513,251,262,27,15,13,19,10,9,1,1,1,1,0.0,0
2022,43107923,82.7,14.8,2.5,22.7,21.1,24.9,431,232,199,22,9,14,19,11,8,1,1,0,1,0.0,0
2022,43107931,91.3,8.5,0.2,21.4,21.0,21.9,407,210,197,23,8,16,19,10,9,1,1,1,1,0.0,0
2022,43107966,95.5,3.6,0.9,23.2,22.0,25.0,232,132,100,13,5,9,10,6,4,1,1,0,1,1.0,1
2022,43107982,92.1,7.4,0.5,29.0,27.1,33.3,753,487,266,29,14,17,26,18,8,1,1,1,1,1.0,0
2022,43107990,80.2,6.3,13.5,9.7,7.8,11.5,116,47,69,20,6,15,12,6,6,1,1,1,1,1.0,0
2022,43108016,83.5,16.0,0.5,18.0,18.6,17.5,198,93,105,20,6,15,11,5,6,1,0,0,1,1.0,1
2022,43108032,96.6,2.9,0.5,19.7,16.4,22.5,217,82,135,18,7,12,11,5,6,1,1,1,1,1.0,1
2022,43108040,89.7,8.5,1.8,21.4,17.9,24.2,343,125,218,31,9,23,16,7,9,1,1,0,1,1.0,1
2022,43108059,84.6,0.0,15.4,8.3,,8.3,25,0,25,10,0,10,3,0,3,1,1,1,1,0.0,0
2022,43108067,92.3,7.7,0.0,20.8,21.4,20.3,646,321,325,43,14,30,31,15,16,1,0,1,1,1.0,0
2022,43108083,92.5,6.3,1.2,19.5,15.9,23.1,351,143,208,23,8,17,18,9,9,1,1,1,1,0.0,0
2022,43108091,89.8,9.9,0.3,24.8,22.6,27.6,396,203,193,29,11,20,16,9,7,1,1,0,1,1.0,1
2022,43108113,97.7,2.3,0.0,24.5,22.0,26.5,269,110,159,20,6,16,11,5,6,1,1,1,1,0.0,1
2022,43108172,97.7,1.6,0.7,17.6,17.9,17.2,264,161,103,22,10,14,15,9,6,1,0,1,1,0.0,0
2022,43108180,91.6,8.4,0.0,20.2,20.7,19.7,384,207,177,28,9,20,19,10,9,1,1,1,1,0.0,1
2022,43108202,94.0,5.6,0.4,27.0,26.1,28.0,513,261,252,26,9,19,19,10,9,1,1,1,1,1.0,0
2022,43108210,87.2,10.9,1.9,18.4,19.7,15.3,258,197,61,18,9,10,14,10,4,1,1,0,1,1.0,0
2022,43108229,95.3,4.5,0.2,20.7,18.5,23.4,414,203,211,20,8,13,20,11,9,1,0,1,1,1.0,1
2022,43108237,91.2,7.8,1.0,21.6,22.3,21.1,303,134,169,27,7,21,14,6,8,1,1,1,1,1.0,1
2022,43108245,83.3,11.9,4.8,21.6,20.5,23.3,216,123,93,15,6,10,10,6,4,1,1,1,1,1.0,0
2022,43108300,82.4,15.9,1.7,19.7,22.0,16.8,177,110,67,16,6,10,9,5,4,1,1,1,1,1.0,0
2022,43108318,85.1,14.6,0.3,23.0,21.6,25.2,1150,647,503,52,24,29,50,30,20,1,0,0,1,1.0,1
2022,43108326,88.8,8.3,2.9,22.9,22.9,22.9,435,252,183,21,10,12,19,11,8,1,1,0,1,1.0,1
2022,43108334,99.5,0.5,0.0,20.4,18.2,23.3,184,91,93,12,4,9,9,5,4,1,1,0,1,0.0,0
2022,43108342,94.7,4.4,0.9,20.7,20.8,20.5,372,208,164,18,8,11,18,10,8,1,1,0,1,1.0,0
2022,43108350,88.8,7.7,3.5,24.5,25.3,23.6,489,253,236,20,8,13,20,10,10,1,1,1,1,0.0,1
2022,43108385,92.3,5.8,1.9,27.4,27.0,28.0,274,162,112,17,7,11,10,6,4,1,1,1,1,1.0,1
2022,43108474,97.4,0.4,2.2,23.7,22.0,25.9,711,374,337,31,15,17,30,17,13,1,1,1,1,1.0,0
2022,43108482,94.8,0.0,5.2,16.5,18.5,15.0,231,111,120,24,8,18,14,6,8,1,1,1,1,0.0,0
2022,43108490,90.7,9.3,0.0,21.4,21.5,21.4,343,172,171,21,8,13,16,8,8,1,1,1,1,1.0,0
2022,43108547,88.6,10.9,0.5,22.4,21.9,23.0,359,175,184,22,8,14,16,8,8,1,1,1,1,1.0,0
2022,43108563,87.5,10.6,1.9,22.9,23.0,22.8,573,345,228,27,19,13,25,15,10,1,1,1,1,1.0,0
2022,43108571,82.8,16.0,1.2,25.9,24.0,28.8,854,479,375,38,25,17,33,20,13,1,1,1,1,1.0,0
2022,43108709,94.5,3.9,1.6,21.5,17.7,25.8,409,177,232,27,9,19,19,10,9,1,1,1,1,1.0,0
2022,43108717,96.2,0.5,3.3,21.8,20.2,23.8,196,101,95,18,6,12,9,5,4,1,1,0,1,1.0,1
2022,43108725,78.9,18.8,2.3,20.8,21.3,20.4,271,128,143,15,6,11,13,6,7,1,1,1,1,1.0,0
2022,43108733,84.3,11.4,4.3,18.8,19.0,18.5,225,114,111,19,7,13,12,6,6,1,1,1,1,1.0,1
2022,43108750,92.4,2.5,5.1,16.3,11.5,17.8,130,23,107,12,2,10,8,2,6,1,1,1,1,1.0,1
2022,43108768,91.2,8.6,0.2,22.5,22.6,22.5,563,226,337,39,11,29,25,10,15,1,1,1,1,1.0,0
2022,43108784,97.0,2.4,0.6,17.5,17.5,,175,175,0,9,9,0,10,10,0,1,1,1,1,1.0,0
2022,43108792,88.9,8.0,3.1,20.2,21.9,18.4,344,197,147,19,9,11,17,9,8,1,0,0,1,1.0,0
2022,43108806,89.1,10.2,0.7,18.2,16.8,20.0,328,168,160,18,9,10,18,10,8,1,1,0,1,1.0,1
2022,43108830,93.5,6.5,0.0,22.2,22.2,,222,222,0,8,8,0,10,10,0,1,1,0,1,0.0,1
2022,43108911,89.9,9.7,0.4,27.1,24.8,30.1,1002,521,481,44,16,29,37,21,16,1,1,1,1,1.0,0
2022,43108954,82.5,17.5,0.0,16.5,17.4,15.6,264,139,125,16,8,9,16,8,8,1,1,1,1,1.0,0
2022,43108970,97.8,2.2,0.0,18.4,17.5,19.5,331,175,156,20,9,14,18,10,8,1,1,1,1,1.0,0
2022,43109055,87.6,10.5,1.9,26.7,25.7,27.9,801,411,390,37,20,22,30,16,14,1,1,1,1,1.0,0
2022,43109063,80.3,16.5,3.2,21.4,21.4,21.4,450,257,193,32,21,16,21,12,9,1,1,1,1,1.0,1
2022,43109071,92.4,7.1,0.5,19.7,21.4,17.5,177,107,70,23,14,11,9,5,4,1,1,1,1,1.0,0
2022,43109080,89.7,8.3,2.0,25.2,26.8,23.6,1058,563,495,47,24,25,42,21,21,1,1,1,1,1.0,1
2022,43109098,90.7,7.1,2.2,27.0,27.6,26.4,837,441,396,33,17,16,31,16,15,1,1,1,1,1.0,0
2022,43109101,86.0,11.3,2.7,21.5,21.5,21.4,537,323,214,32,18,16,25,15,10,1,1,1,1,1.0,1
2022,43109110,71.2,23.7,5.1,11.0,8.5,12.3,66,17,49,10,3,8,6,2,4,1,1,1,1,0.0,0
2022,43109128,99.3,0.7,0.0,24.6,22.9,27.2,739,413,326,41,27,17,30,18,12,1,1,1,1,1.0,1
2022,43109144,79.4,14.5,6.1,25.3,25.5,25.0,886,536,350,46,28,21,35,21,14,1,1,1,1,1.0,1
2022,43109179,96.7,0.4,2.9,20.4,21.0,19.5,285,168,117,20,9,13,14,8,6,1,1,1,1,1.0,0
2022,43109195,95.4,3.8,0.8,19.8,22.8,16.0,356,228,128,32,23,15,18,10,8,1,1,1,1,1.0,0
2022,43109209,88.9,9.3,1.8,22.2,21.9,22.8,556,328,228,43,23,22,25,15,10,1,1,1,1,1.0,0
2022,43109217,92.6,4.9,2.5,23.4,22.2,25.7,914,554,360,50,32,23,39,25,14,1,1,1,1,1.0,0
2022,43109225,92.6,5.4,2.0,25.5,25.0,26.2,993,600,393,55,33,26,39,24,15,1,1,1,1,1.0,1
2022,43109233,92.1,5.5,2.4,20.0,19.9,20.2,520,298,222,29,18,13,26,15,11,1,1,1,1,1.0,1
2022,43109241,93.5,6.5,0.0,15.8,15.8,,79,79,0,5,5,0,5,5,0,1,1,1,1,1.0,0
2022,43109250,77.6,20.4,2.0,20.3,20.7,19.8,365,207,158,23,10,14,18,10,8,1,1,1,1,1.0,0
2022,43109268,75.6,17.7,6.7,23.4,22.3,25.3,422,245,177,18,7,12,18,11,7,1,1,1,1,1.0,0
2022,43167179,92.2,7.4,0.4,20.7,21.2,20.1,829,487,342,55,36,23,40,23,17,1,1,1,1,1.0,0
2022,43167535,88.2,11.8,0.0,24.0,24.3,23.6,960,511,449,47,28,25,40,21,19,1,1,1,1,1.0,0
2022,43169490,95.1,1.4,3.5,24.8,23.5,26.6,669,376,293,37,21,17,27,16,11,1,1,1,1,1.0,0
2022,43171290,80.9,17.4,1.7,20.9,20.9,21.1,670,417,253,31,17,15,32,20,12,1,1,1,1,1.0,0
2022,43172474,95.5,4.0,0.5,21.5,22.7,19.9,580,341,239,43,25,20,27,15,12,1,1,1,1,1.0,0
2022,43172482,94.7,4.8,0.5,25.6,25.7,25.5,844,462,382,40,21,23,33,18,15,1,1,1,1,1.0,1
2022,43172490,85.2,14.3,0.5,24.9,22.9,27.4,896,458,438,48,28,25,36,20,16,1,1,1,1,1.0,0
2022,43173195,91.1,8.9,0.0,19.6,20.9,18.0,353,209,144,34,19,17,18,10,8,1,1,1,1,1.0,1
2022,43173306,91.9,6.6,1.5,21.3,19.1,23.5,341,153,188,26,11,16,16,8,8,1,0,0,1,1.0,0
2022,43173713,88.1,10.5,1.4,24.8,25.4,24.0,446,254,192,25,15,12,18,10,8,1,1,1,1,1.0,0
2022,43173721,99.2,0.0,0.8,26.9,27.1,26.7,727,407,320,38,23,16,27,15,12,1,1,1,1,1.0,1
2022,43174329,,,,,,,151,151,0,14,14,0,19,19,0,1,1,1,1,1.0,1
2022,43174337,,,,,,,188,188,0,16,16,0,24,24,0,1,1,1,1,1.0,0
2022,43174345,,,,,,,201,201,0,14,14,0,27,27,0,1,0,1,1,0.0,0
2022,43175120,93.2,4.8,2.0,23.2,22.0,24.7,880,485,395,47,29,26,38,22,16,0,1,1,1,1.0,0
2022,43177018,83.6,15.0,1.4,13.4,14.2,12.6,134,71,63,17,10,11,10,5,5,1,1,1,1,1.0,0
2022,43177034,93.0,5.0,2.0,24.6,23.9,25.9,936,573,363,43,27,18,38,24,14,1,1,1,1,1.0,0
2022,43177042,91.4,6.9,1.7,22.9,23.6,21.8,367,236,131,37,30,19,16,10,6,1,1,1,1,1.0,0
2022,43177581,87.8,10.5,1.7,26.7,26.3,27.2,1121,658,463,47,29,23,42,25,17,1,1,1,1,1.0,1
2022,43178995,,,,,,,105,45,60,22,2,21,14,1,13,1,1,1,1,1.0,0
2022,43179002,,,,,,,111,47,64,27,0,27,14,0,14,1,0,1,1,1.0,0
2022,43179010,,,,,,,65,34,31,23,0,23,10,0,10,1,1,1,1,1.0,0
2022,43179029,,,,,,,120,50,70,20,0,20,19,0,19,1,1,1,1,1.0,1
2022,43180523,,,,,,,46,10,36,14,5,10,9,4,5,1,1,1,1,0.0,0
2022,43183018,95.2,4.3,0.5,22.4,22.4,22.4,493,291,202,34,23,14,22,13,9,1,1,0,1,1.0,0
2022,43187560,86.1,11.4,2.5,25.4,25.7,25.1,890,514,376,40,23,21,35,20,15,1,1,1,1,1.0,0
2022,43189253,92.7,5.5,1.8,24.4,24.9,23.9,659,324,335,30,15,18,27,13,14,1,1,1,1,1.0,0
2022,43204643,87.8,10.6,1.6,25.1,26.1,24.0,727,391,336,31,17,16,29,15,14,1,1,1,1,1.0,0
2022,43208410,54.5,45.5,0.0,5.7,4.8,6.8,51,24,27,12,5,11,9,5,4,0,1,1,1,1.0,1
2022,43208428,88.1,11.9,0.0,10.0,,,40,22,18,3,0,3,4,0,4,1,0,0,1,1.0,0
2022,43241000,66.7,20.0,13.3,1.7,2.0,2.0,15,7,8,13,6,11,9,3,6,1,1,0,1,1.0,1
2022,43293050,85.7,12.3,2.0,27.8,26.9,28.9,500,269,231,29,17,15,18,10,8,1,1,1,1,1.0,1
2022,43293069,92.1,7.1,0.8,25.6,25.9,25.4,974,543,431,42,24,19,38,21,17,1,1,0,1,1.0,0
2023,43000479,70.6,29.4,0.0,5.7,3.0,,17,17,0,3,1,3,3,1,2,1,0,0,0,,0
2023,43001254,62.5,37.5,0.0,4.0,,,8,8,0,2,0,2,2,0,2,0,0,0,1,1.0,0
2023,43005047,57.1,28.6,14.3,3.5,2.0,,7,7,0,2,1,1,2,1,1,0,0,0,1,0.0,0
2023,43048200,90.6,8.6,0.8,23.3,24.9,21.0,396,249,147,42,29,20,17,10,7,1,1,1,1,1.0,0
2023,43104932,95.9,4.1,0.0,24.8,19.6,28.4,297,98,199,53,17,39,12,5,7,1,1,1,1,1.0,1
2023,43105009,97.1,2.9,0.0,29.7,,29.7,505,0,505,45,0,45,17,0,17,1,1,1,1,1.0,1
2023,43105246,84.9,14.4,0.7,19.7,20.0,18.8,434,340,94,35,24,15,22,17,5,1,1,1,1,1.0,1
2023,43105386,79.9,18.9,1.2,25.1,24.3,25.9,426,219,207,23,10,15,17,9,8,1,1,1,1,1.0,0
2023,43105394,76.6,22.1,1.3,16.6,,16.6,83,0,83,10,0,10,5,0,5,1,1,0,1,1.0,0
2023,43105440,92.0,6.6,1.4,23.6,22.9,25.0,872,503,369,43,25,24,37,22,15,1,1,1,1,1.0,0
2023,43105459,88.3,11.7,0.0,25.3,27.5,23.4,481,275,206,29,20,16,19,10,9,1,1,1,1,1.0,1
2023,43105467,93.8,5.1,1.1,20.9,20.1,22.3,691,401,290,47,34,19,33,20,13,1,1,1,1,1.0,1
2023,43105475,92.1,7.9,0.0,26.0,25.1,27.5,859,502,357,44,25,21,33,20,13,1,1,1,1,1.0,0
2023,43105483,87.4,12.1,0.5,26.5,25.3,28.1,1114,608,506,53,30,26,42,24,18,1,1,1,1,1.0,1
2023,43105491,96.0,2.7,1.3,23.4,23.1,25.5,797,462,335,47,26,23,34,20,14,1,1,1,1,1.0,1
2023,43105505,94.5,4.8,0.7,25.6,24.8,27.0,871,520,351,54,32,25,34,21,13,1,1,1,1,1.0,0
2023,43105513,88.1,11.0,0.9,23.8,23.1,25.0,595,370,225,42,27,20,25,16,9,1,1,1,1,1.0,1
2023,43105521,95.7,3.1,1.2,21.7,22.5,20.8,455,247,208,31,18,16,21,11,10,1,1,1,1,1.0,0
2023,43105530,92.2,5.3,2.5,24.8,23.0,27.1,447,230,217,27,17,13,18,10,8,1,1,1,1,1.0,0
2023,43105548,88.2,11.5,0.3,24.9,24.1,25.9,897,482,415,41,24,19,36,20,16,1,1,1,1,1.0,1
2023,43105564,89.8,8.3,1.9,21.9,21.9,,219,219,0,13,13,0,10,10,0,1,0,0,1,1.0,0
2023,43105580,94.0,5.6,0.4,24.0,20.4,27.6,240,102,138,24,6,18,10,5,5,1,0,0,1,0.0,1
2023,43105742,91.4,3.9,4.7,20.1,23.7,16.5,241,142,99,14,5,10,12,6,6,1,1,1,1,1.0,0
2023,43105750,97.4,1.9,0.7,19.6,20.8,18.0,176,104,72,21,11,14,9,5,4,1,1,1,1,1.0,0
2023,43105769,93.8,2.5,3.7,14.6,4.0,17.3,73,4,69,15,2,14,5,1,4,1,1,1,1,1.0,0
2023,43105785,94.3,4.4,1.3,24.1,22.0,26.1,481,220,261,30,10,22,20,10,10,1,1,1,1,0.0,0
2023,43105793,91.9,8.1,0.0,18.3,17.8,19.0,165,89,76,11,4,8,9,5,4,1,1,0,1,1.0,0
2023,43105807,86.5,9.4,4.1,25.5,21.2,29.4,586,233,353,30,9,22,23,11,12,1,1,1,1,1.0,1
2023,43105815,99.7,0.0,0.3,19.8,17.9,22.1,356,179,177,21,10,13,18,10,8,1,1,1,1,0.0,0
2023,43105823,98.8,0.4,0.8,17.6,17.4,18.0,247,139,108,15,8,9,14,8,6,1,1,0,1,0.0,0
2023,43105831,88.3,11.4,0.3,21.6,20.3,23.8,691,406,285,32,18,15,32,20,12,1,1,1,1,1.0,0
2023,43105840,91.1,8.9,0.0,20.3,24.8,14.8,183,124,59,17,12,9,9,5,4,1,1,1,1,1.0,1
2023,43105858,99.0,1.0,0.0,20.3,17.6,23.0,203,88,115,15,7,9,10,5,5,1,1,1,1,1.0,0
2023,43105866,81.0,17.4,1.6,20.4,19.5,21.7,449,254,195,24,11,15,22,13,9,1,1,0,1,1.0,1
2023,43105874,90.1,9.3,0.6,18.8,16.8,21.4,339,168,171,30,10,21,18,10,8,1,1,1,1,1.0,1
2023,43105882,85.4,13.4,1.2,24.4,23.5,25.6,683,376,307,24,13,12,28,16,12,1,1,1,1,1.0,0
2023,43105890,87.8,8.2,4.0,21.3,22.2,20.6,298,133,165,15,8,10,14,6,8,1,1,1,1,1.0,0
2023,43105904,77.0,21.9,1.1,19.7,19.5,20.0,394,214,180,16,7,9,20,11,9,1,1,0,1,0.0,0
2023,43105920,80.4,18.9,0.7,16.1,16.2,16.0,145,81,64,14,6,9,9,5,4,1,1,1,1,1.0,0
2023,43105939,88.4,11.2,0.4,21.2,23.4,17.6,275,187,88,21,13,10,13,8,5,1,1,1,1,1.0,1
2023,43105947,97.5,2.5,0.0,17.6,19.2,10.5,194,173,21,18,12,6,11,9,2,1,1,1,1,1.0,1
2023,43105963,82.7,17.3,0.0,13.8,13.8,,138,138,0,7,7,0,10,10,0,1,0,0,1,1.0,0
2023,43105971,88.6,8.6,2.8,15.6,15.6,15.5,140,78,62,15,7,9,9,5,4,1,1,1,1,1.0,0
2023,43105980,100.0,0.0,0.0,13.3,11.0,16.3,120,55,65,10,4,7,9,5,4,1,1,1,1,1.0,0
2023,43105998,92.3,7.7,0.0,23.2,21.1,25.9,418,211,207,21,12,12,18,10,8,1,1,1,1,1.0,0
2023,43106005,95.2,4.1,0.7,20.4,21.8,19.3,449,218,231,27,10,19,22,10,12,1,0,1,1,1.0,0
2023,43106013,81.0,7.1,11.9,10.0,11.8,7.8,90,59,31,14,7,9,9,5,4,1,1,1,1,1.0,1
2023,43106021,90.5,8.0,1.5,20.9,19.8,22.3,188,99,89,15,6,10,9,5,4,1,1,1,1,1.0,0
2023,43106030,77.0,18.2,4.8,18.3,21.8,15.9,220,109,111,14,5,10,12,5,7,1,1,1,1,1.0,0
2023,43106048,82.4,17.0,0.6,22.8,21.8,24.4,639,371,268,28,12,17,28,17,11,1,0,0,1,1.0,1
2023,43106056,94.2,4.0,1.8,18.4,16.8,20.5,166,84,82,15,7,9,9,5,4,1,1,1,1,1.0,0
2023,43106072,90.5,9.2,0.3,23.0,23.7,22.1,368,213,155,17,9,10,16,9,7,1,1,1,1,1.0,0
2023,43106080,93.9,5.7,0.4,21.7,22.6,21.0,239,113,126,16,6,11,11,5,6,1,1,1,1,1.0,1
2023,43106099,82.6,16.5,0.9,19.0,19.5,18.4,342,195,147,19,8,11,18,10,8,1,1,1,1,1.0,0
2023,43106102,98.4,0.0,1.6,12.8,12.8,,64,64,0,6,6,0,5,5,0,1,1,1,1,1.0,0
2023,43106110,95.2,4.1,0.7,23.7,23.4,24.1,427,234,193,16,9,8,18,10,8,1,1,1,1,1.0,1
2023,43106129,87.8,9.4,2.8,21.8,23.1,20.4,415,231,184,17,8,10,19,10,9,1,1,0,1,1.0,1
2023,43106137,76.7,21.8,1.5,20.3,22.6,18.0,325,181,144,16,7,11,16,8,8,1,0,1,1,0.0,0
2023,43106145,81.0,16.3,2.7,22.2,21.6,22.8,333,151,182,18,7,13,15,7,8,1,1,1,1,0.0,0
2023,43106153,75.6,23.5,0.9,21.2,20.5,22.2,446,246,200,20,11,11,21,12,9,1,1,1,1,1.0,1
2023,43106161,97.8,2.2,0.0,19.3,16.0,23.5,174,80,94,19,6,13,9,5,4,1,1,1,1,0.0,0
2023,43106170,86.1,12.7,1.2,19.8,21.8,17.3,178,109,69,19,10,11,9,5,4,1,1,1,1,1.0,0
2023,43106188,84.6,13.4,2.0,20.6,18.4,23.3,370,184,186,15,9,9,18,10,8,1,1,0,1,1.0,0
2023,43106196,95.0,4.1,0.9,23.6,22.0,26.1,779,440,339,39,17,24,33,20,13,1,1,1,1,0.0,0
2023,43106200,78.5,17.4,4.1,13.7,14.8,12.3,123,74,49,12,5,8,9,5,4,1,1,1,1,1.0,0
2023,43106218,76.2,23.5,0.3,20.8,21.1,20.4,353,190,163,22,9,16,17,9,8,1,1,1,1,1.0,0
2023,43106242,92.9,5.5,1.6,21.9,22.6,21.0,394,226,168,19,9,10,18,10,8,1,1,0,1,1.0,0
2023,43106250,80.1,15.5,4.4,17.4,17.7,17.0,331,195,136,18,8,11,19,11,8,1,1,1,1,0.0,0
2023,43106277,88.3,9.3,2.4,20.9,21.1,20.6,355,190,165,26,11,17,17,9,8,1,1,1,1,1.0,0
2023,43106293,89.4,10.3,0.3,25.9,24.3,27.5,518,243,275,19,8,12,20,10,10,1,1,1,1,1.0,0
2023,43106307,98.7,0.0,1.3,15.5,14.8,16.5,155,89,66,12,6,7,10,6,4,1,1,1,1,1.0,1
2023,43106315,88.6,10.4,1.0,20.6,19.4,22.4,392,213,179,22,11,14,19,11,8,1,1,1,1,1.0,0
2023,43106323,87.4,10.6,2.0,23.6,23.9,23.1,401,239,162,19,11,9,17,10,7,1,1,1,1,1.0,0
2023,43106331,82.6,15.2,2.2,11.8,11.8,,47,47,0,5,5,0,4,4,0,1,1,1,1,1.0,0
2023,43106358,100.0,0.0,0.0,15.6,14.0,16.0,78,14,64,10,2,9,5,1,4,1,1,1,1,0.0,1
2023,43106366,84.2,15.8,0.0,23.0,20.8,26.5,760,415,345,27,14,14,33,20,13,1,0,1,1,1.0,0
2023,43106374,94.8,3.3,1.9,19.8,17.8,22.1,475,232,243,22,9,15,24,13,11,1,1,1,1,1.0,0
2023,43106382,89.9,5.1,5.0,20.0,20.0,,100,100,0,7,7,0,5,5,0,1,1,1,1,1.0,0
2023,43106390,95.8,4.2,0.0,14.2,12.2,16.8,128,61,67,14,6,8,9,5,4,1,1,1,1,1.0,1
2023,43106412,82.1,17.3,0.6,18.2,19.2,17.0,164,96,68,10,4,6,9,5,4,1,1,1,1,1.0,0
2023,43106420,93.7,3.0,3.3,19.9,20.2,19.7,239,101,138,18,5,14,12,5,7,1,1,1,1,0.0,0
2023,43106439,84.2,14.0,1.8,28.3,25.5,31.8,509,255,254,22,8,15,18,10,8,1,1,1,1,1.0,0
2023,43106447,92.3,6.9,0.8,21.4,21.8,20.9,385,218,167,29,16,16,18,10,8,1,1,1,1,0.0,1
2023,43106455,88.9,11.1,0.0,21.6,21.0,22.1,431,210,221,19,8,13,20,10,10,1,1,0,1,1.0,0
2023,43106463,91.1,8.9,0.0,21.7,19.6,24.0,412,196,216,24,11,16,19,10,9,1,1,1,1,1.0,0
2023,43106480,77.8,18.0,4.2,23.4,21.8,25.5,422,218,204,24,8,17,18,10,8,1,1,1,1,1.0,0
2023,43106498,93.3,6.7,0.0,25.0,25.7,24.5,526,257,269,35,12,25,21,10,11,1,1,0,1,1.0,1
2023,43106501,82.3,15.9,1.8,22.2,20.0,24.9,399,200,199,26,11,15,18,10,8,1,1,1,1,0.0,1
2023,43106528,91.9,7.4,0.7,16.6,15.2,18.3,298,152,146,23,10,14,18,10,8,1,1,1,1,1.0,0
2023,43106536,92.7,6.5,0.8,14.1,12.4,16.3,127,62,65,9,5,5,9,5,4,1,1,0,1,0.0,0
2023,43106544,99.6,0.4,0.0,24.1,23.0,25.5,217,115,102,12,7,6,9,5,4,1,0,0,1,1.0,0
2023,43106552,86.5,7.9,5.6,15.4,14.7,16.4,262,147,115,18,7,12,17,10,7,1,1,1,1,1.0,0
2023,43106560,76.5,18.2,5.3,17.2,16.0,17.9,275,96,179,22,6,18,16,6,10,1,1,1,1,1.0,0
2023,43106587,98.6,1.1,0.3,23.1,21.5,24.6,369,172,197,25,8,18,16,8,8,1,1,1,1,0.0,0
2023,43106595,100.0,0.0,0.0,26.2,23.4,29.3,340,164,176,20,10,13,13,7,6,1,1,1,1,0.0,0
2023,43106609,95.1,1.8,3.1,16.1,17.6,14.6,225,123,102,16,7,11,14,7,7,1,1,1,1,1.0,1
2023,43106617,75.2,21.9,2.9,16.2,18.6,13.2,324,205,119,23,9,15,20,11,9,1,1,1,1,1.0,0
2023,43106625,86.1,11.9,2.0,19.9,21.1,18.8,298,148,150,15,5,11,15,7,8,1,1,1,1,1.0,0
2023,43106641,99.0,0.5,0.5,23.8,24.0,23.6,429,240,189,23,8,16,18,10,8,1,1,0,1,1.0,0
2023,43106650,99.1,0.9,0.0,22.2,22.2,,111,111,0,7,7,0,5,5,0,1,0,0,1,1.0,0
2023,43106668,95.5,3.9,0.6,18.3,19.8,16.8,183,99,84,15,7,9,10,5,5,1,0,0,1,1.0,0
2023,43106676,94.5,5.5,0.0,17.0,16.2,17.7,221,97,124,17,5,13,13,6,7,1,1,1,1,1.0,0
2023,43106684,97.1,1.7,1.2,20.1,22.0,17.8,181,110,71,20,10,11,9,5,4,1,1,1,1,1.0,1
2023,43106692,96.7,2.0,1.3,22.0,20.9,24.8,308,209,99,13,8,7,14,10,4,1,0,1,1,0.0,0
2023,43106706,84.3,15.0,0.7,19.9,19.2,21.8,279,192,87,15,9,7,14,10,4,1,1,1,1,0.0,0
2023,43106714,82.7,16.1,1.2,19.7,20.9,17.9,355,230,125,20,11,12,18,11,7,1,1,1,1,1.0,0
2023,43106722,94.6,5.1,0.3,23.3,23.1,23.5,419,231,188,24,12,15,18,10,8,1,1,1,1,1.0,1
2023,43106757,99.2,0.8,0.0,15.8,18.6,12.3,142,93,49,16,9,9,9,5,4,1,0,0,1,1.0,0
2023,43106765,90.8,8.9,0.3,26.5,25.3,28.3,743,404,339,31,13,19,28,16,12,1,1,1,1,0.0,0
2023,43106773,99.5,0.5,0.0,23.8,23.8,,190,190,0,7,7,0,8,8,0,1,1,0,1,1.0,0
2023,43106781,97.7,1.2,1.1,23.6,24.4,22.9,519,244,275,29,11,20,22,10,12,1,1,1,1,1.0,0
2023,43106790,86.5,12.1,1.4,22.0,21.2,22.6,308,127,181,23,7,17,14,6,8,1,1,1,1,0.0,1
2023,43106803,95.2,2.7,2.1,18.7,17.6,20.1,337,176,161,16,8,9,18,10,8,1,1,0,1,1.0,0
2023,43106811,88.2,10.1,1.7,19.1,18.2,20.3,172,91,81,15,5,11,9,5,4,1,1,1,1,1.0,0
2023,43106820,70.2,28.6,1.2,20.5,19.8,21.8,369,238,131,16,9,9,18,12,6,1,0,0,1,1.0,0
2023,43106838,95.8,4.2,0.0,7.7,,7.7,23,0,23,9,0,9,3,0,3,1,1,1,1,1.0,0
2023,43106846,72.0,23.6,4.4,19.2,18.0,20.8,173,90,83,11,4,8,9,5,4,1,1,1,1,0.0,0
2023,43106854,79.1,14.2,6.7,18.9,21.8,16.9,227,109,118,16,5,11,12,5,7,1,0,0,1,0.0,0
2023,43106862,91.0,7.9,1.1,18.9,16.8,21.5,340,168,172,21,9,12,18,10,8,1,1,1,1,0.0,0
2023,43106870,99.5,0.5,0.0,16.3,15.6,17.2,212,109,103,15,12,8,13,7,6,1,1,1,1,1.0,1
2023,43106889,80.3,18.6,1.1,17.4,16.4,18.1,278,115,163,19,7,14,16,7,9,1,1,0,1,1.0,1
2023,43106897,93.2,4.9,1.9,17.4,15.5,19.8,313,155,158,21,9,13,18,10,8,1,1,1,1,1.0,1
2023,43106900,100.0,0.0,0.0,12.5,13.2,11.3,100,66,34,12,6,7,8,5,3,1,1,1,1,1.0,0
2023,43106919,82.7,13.9,3.4,21.2,,21.2,318,0,318,18,0,18,15,0,15,1,1,1,1,1.0,0
2023,43106927,90.4,1.1,8.5,20.3,20.9,19.7,629,314,315,25,8,17,31,15,16,1,1,1,1,0.0,0
2023,43106935,92.9,6.7,0.4,26.6,26.2,27.1,1038,523,515,41,17,25,39,20,19,1,1,0,1,0.0,0
2023,43106943,85.6,13.6,0.8,21.2,19.5,22.8,487,214,273,28,8,21,23,11,12,1,1,1,1,1.0,0
2023,43106951,91.7,7.8,0.5,22.6,22.7,22.5,362,227,135,14,9,6,16,10,6,1,1,0,1,0.0,1
2023,43106960,86.7,11.6,1.7,22.9,21.8,24.1,549,284,265,23,12,13,24,13,11,1,0,0,1,1.0,1
2023,43106986,78.5,21.2,0.3,20.6,21.2,19.9,351,212,139,14,7,8,17,10,7,1,1,1,1,0.0,0
2023,43106994,95.6,4.4,0.0,18.4,17.5,19.7,313,175,138,17,9,11,17,10,7,1,1,0,1,0.0,1
2023,43107001,97.9,1.4,0.7,17.4,16.2,19.1,296,162,134,17,8,10,17,10,7,1,1,1,1,1.0,0
2023,43107036,75.7,23.5,0.8,20.6,20.3,21.1,474,305,169,20,11,9,23,15,8,1,1,1,1,1.0,0
2023,43107044,97.1,2.9,0.0,21.3,19.9,23.0,383,199,184,24,10,15,18,10,8,1,0,0,1,1.0,0
2023,43107052,81.3,18.1,0.6,18.8,16.3,22.4,320,163,157,15,7,9,17,10,7,1,1,0,1,0.0,1
2023,43107060,69.5,25.3,5.2,16.6,18.0,15.3,266,144,122,15,7,10,16,8,8,1,0,0,1,1.0,0
2023,43107079,91.4,7.9,0.7,23.1,21.9,24.3,601,285,316,35,10,26,26,13,13,1,1,1,1,1.0,1
2023,43107087,93.6,5.9,0.5,17.3,17.0,17.8,207,136,71,22,13,9,12,8,4,1,1,0,1,0.0,1
2023,43107095,96.8,2.4,0.8,13.7,11.4,16.5,123,57,66,12,7,6,9,5,4,1,1,1,1,0.0,0
2023,43107117,86.4,6.1,7.5,16.8,17.8,15.5,151,89,62,12,6,7,9,5,4,1,1,1,1,1.0,1
2023,43107125,93.1,5.1,1.8,23.7,21.6,26.3,213,108,105,15,6,9,9,5,4,1,1,1,1,1.0,0
2023,43107133,79.3,18.4,2.3,18.4,19.8,17.4,221,99,122,16,5,13,12,5,7,1,1,1,1,1.0,0
2023,43107141,95.5,2.7,1.8,20.1,19.5,20.9,341,195,146,17,9,9,17,10,7,1,1,1,1,0.0,0
2023,43107150,79.9,13.9,6.2,22.4,23.4,21.3,202,117,85,13,6,8,9,5,4,1,1,1,1,1.0,0
2023,43107168,90.2,9.8,0.0,19.5,18.8,20.3,156,75,81,14,5,11,8,4,4,1,1,1,1,1.0,0
2023,43107192,99.5,0.3,0.2,21.9,20.5,23.6,394,205,189,21,11,11,18,10,8,1,1,1,1,1.0,0
2023,43107206,82.9,7.7,9.4,17.8,18.5,17.1,231,111,120,13,5,9,13,6,7,1,1,1,1,1.0,0
2023,43107214,95.0,2.9,2.1,25.3,24.7,26.1,456,247,209,24,9,16,18,10,8,1,1,1,1,0.0,1
2023,43107222,82.4,16.0,1.6,13.8,15.0,12.3,124,75,49,15,11,10,9,5,4,1,1,1,1,1.0,0
2023,43107230,97.3,1.8,0.9,13.7,13.2,14.3,123,66,57,12,6,7,9,5,4,1,1,0,1,1.0,0
2023,43107257,84.4,15.4,0.2,21.8,24.0,19.3,414,240,174,22,8,15,19,10,9,1,1,0,1,0.0,0
2023,43107265,97.9,2.1,0.0,19.5,17.7,21.8,351,177,174,23,11,13,18,10,8,1,1,1,1,1.0,0
2023,43107273,82.0,16.8,1.2,19.6,17.2,21.1,255,86,169,19,6,13,13,5,8,1,1,1,1,1.0,0
2023,43107281,97.2,2.1,0.7,24.2,22.6,26.3,436,226,210,21,9,12,18,10,8,1,1,1,1,1.0,1
2023,43107290,93.2,5.0,1.8,19.6,20.5,18.6,431,226,205,20,8,13,22,11,11,1,1,1,1,1.0,1
2023,43107303,74.6,24.3,1.1,18.9,21.2,16.3,454,275,179,23,11,13,24,13,11,1,1,1,1,1.0,1
2023,43107311,94.6,5.4,0.0,22.5,21.6,23.7,811,432,379,40,18,24,36,20,16,1,1,1,1,0.0,1
2023,43107320,85.3,11.3,3.4,24.8,23.8,26.8,621,380,241,29,13,17,25,16,9,1,1,0,1,1.0,0
2023,43107338,84.7,14.1,1.2,19.8,17.4,22.8,178,87,91,13,6,8,9,5,4,1,1,1,1,0.0,0
2023,43107346,97.3,2.7,0.0,8.3,7.0,10.0,75,35,40,13,5,9,9,5,4,1,1,1,1,1.0,1
2023,43107354,83.9,15.6,0.5,23.0,20.3,26.4,414,203,211,25,9,18,18,10,8,1,1,1,1,1.0,1
2023,43107478,89.4,10.2,0.4,15.6,17.8,13.5,250,142,108,19,9,11,16,8,8,1,1,1,1,0.0,0
2023,43107486,84.0,14.9,1.1,13.1,15.3,11.5,92,46,46,13,5,9,7,3,4,1,1,1,1,1.0,0
2023,43107508,88.8,10.4,0.8,24.9,25.7,26.4,1046,592,454,55,31,30,42,23,19,1,1,1,1,1.0,0
2023,43107583,91.2,8.8,0.0,16.3,16.8,15.7,538,303,235,46,21,28,33,18,15,1,0,0,1,1.0,0
2023,43107826,89.5,9.3,1.2,24.2,24.6,23.8,436,246,190,19,8,13,18,10,8,1,0,0,1,1.0,0
2023,43107842,83.9,14.3,1.8,27.2,26.0,28.8,1007,546,461,52,30,29,37,21,16,1,1,1,1,1.0,1
2023,43107850,100.0,0.0,0.0,1.3,1.3,,8,8,0,4,4,0,6,6,0,1,1,1,1,1.0,0
2023,43107885,82.3,16.0,1.7,24.7,23.2,26.4,470,232,238,26,14,13,19,10,9,1,1,1,1,0.0,0
2023,43107923,84.4,14.9,0.7,23.2,20.0,27.5,440,220,220,23,11,13,19,11,8,1,1,0,1,0.0,0
2023,43107931,97.5,2.5,0.0,23.2,21.9,24.9,418,219,199,21,10,13,18,10,8,1,1,1,1,0.0,0
2023,43107966,92.5,6.9,0.6,19.7,20.2,19.0,177,101,76,11,3,8,9,5,4,1,1,0,1,1.0,1
2023,43107982,95.9,3.7,0.4,28.1,25.7,33.0,760,463,297,31,14,19,27,18,9,1,1,1,1,1.0,0
2023,43107990,86.6,6.7,6.7,13.9,12.6,15.5,125,63,62,16,6,10,9,5,4,1,1,1,1,1.0,0
2023,43108016,82.9,12.9,4.2,16.2,15.6,17.0,146,78,68,16,7,10,9,5,4,1,0,0,1,1.0,1
2023,43108032,92.9,6.3,0.8,20.9,18.3,24.0,230,110,120,18,8,12,11,6,5,1,0,0,1,1.0,1
2023,43108040,92.8,3.9,3.3,20.3,21.2,19.9,305,106,199,30,8,22,15,5,10,1,1,0,1,1.0,1
2023,43108059,81.8,9.1,9.1,11.0,,11.0,22,0,22,8,0,8,2,0,2,1,1,1,1,1.0,0
2023,43108067,89.5,9.5,1.0,20.6,19.1,22.1,640,286,354,44,15,32,31,15,16,1,0,1,1,1.0,0
2023,43108083,91.2,8.8,0.0,18.1,15.8,20.6,343,158,185,25,9,17,19,10,9,1,1,1,1,0.0,0
2023,43108091,90.6,9.4,0.0,24.1,22.2,26.4,385,200,185,27,12,18,16,9,7,1,1,0,1,1.0,1
2023,43108113,97.1,2.9,0.0,25.2,22.6,27.8,252,113,139,22,6,17,10,5,5,1,1,1,1,0.0,1
2023,43108172,98.9,0.7,0.4,18.3,19.9,16.4,274,159,115,21,11,13,15,8,7,1,0,1,1,0.0,0
2023,43108180,88.9,9.7,1.4,20.6,21.1,20.0,371,211,160,24,9,16,18,10,8,1,1,1,1,0.0,1
2023,43108202,99.0,0.8,0.2,26.0,26.0,26.0,494,260,234,26,10,18,19,10,9,1,1,1,1,1.0,0
2023,43108210,91.7,7.5,0.8,16.7,17.9,13.8,234,179,55,18,11,8,14,10,4,1,1,0,1,1.0,0
2023,43108229,98.9,0.0,1.1,18.9,17.4,21.1,360,191,169,18,9,10,19,11,8,1,0,1,1,1.0,0
2023,43108237,92.8,4.0,3.2,20.8,24.2,18.6,270,121,149,27,6,23,13,5,8,1,1,1,1,1.0,1
2023,43108245,87.0,12.4,0.6,20.2,19.4,21.3,182,97,85,14,7,9,9,5,4,1,1,1,1,1.0,0
2023,43108300,86.6,12.8,0.6,17.4,17.7,17.0,174,106,68,18,8,10,10,6,4,1,1,1,1,1.0,0
2023,43108318,86.1,11.3,2.6,21.8,20.4,23.9,1089,611,478,52,24,28,50,30,20,1,0,0,1,1.0,1
2023,43108326,90.3,8.0,1.7,20.8,20.3,21.5,375,203,172,19,10,11,18,10,8,1,1,0,1,1.0,0
2023,43108334,95.3,3.5,1.2,18.6,17.0,20.3,149,68,81,11,5,9,8,4,4,1,1,0,1,0.0,0
2023,43108342,94.0,3.0,3.0,20.8,21.5,19.9,374,215,159,19,8,12,18,10,8,1,1,0,1,1.0,0
2023,43108350,91.6,7.6,0.8,23.4,23.6,23.2,515,283,232,23,11,13,22,12,10,1,1,0,1,0.0,1
2023,43108385,93.9,6.1,0.0,24.5,24.3,24.8,245,146,99,20,12,11,10,6,4,1,1,1,1,1.0,1
2023,43108474,91.6,8.0,0.4,24.1,22.4,26.4,698,381,317,30,15,15,29,17,12,1,1,1,1,1.0,0
2023,43108482,82.7,17.3,0.0,19.4,15.6,23.2,194,78,116,21,7,15,10,5,5,1,1,1,1,0.0,0
2023,43108490,99.0,0.0,1.0,17.5,17.6,17.5,298,158,140,22,10,13,17,9,8,1,1,1,1,1.0,0
2023,43108547,77.8,21.6,0.6,21.9,19.4,24.4,350,155,195,21,8,13,16,8,8,1,1,1,1,1.0,0
2023,43108563,90.3,9.2,0.5,23.5,23.5,23.5,610,352,258,33,22,16,26,15,11,1,1,1,1,1.0,0
2023,43108571,89.2,10.5,0.3,23.9,25.3,22.8,812,505,307,46,27,24,34,20,14,1,1,1,1,1.0,0
2023,43108709,88.7,10.2,1.1,23.6,20.4,26.8,377,163,214,27,8,20,16,8,8,1,1,1,1,1.0,0
2023,43108717,95.3,3.7,1.0,21.8,20.0,24.0,196,100,96,17,6,11,9,5,4,1,1,0,1,1.0,1
2023,43108725,90.5,9.1,0.4,19.4,18.8,20.0,233,113,120,13,5,9,12,6,6,0,1,1,1,1.0,0
2023,43108733,84.5,15.5,0.0,18.1,17.3,18.8,217,104,113,20,7,13,12,6,6,1,1,1,1,1.0,0
2023,43108750,82.6,17.4,0.0,21.5,18.0,22.2,129,18,111,8,2,7,6,1,5,1,1,1,1,1.0,1
2023,43108768,88.8,9.2,2.0,20.7,20.0,21.2,476,200,276,40,10,30,23,10,13,1,1,1,1,1.0,0
2023,43108784,88.7,11.3,0.0,15.2,15.2,,137,137,0,6,6,0,9,9,0,1,1,1,1,1.0,0
2023,43108792,89.7,8.9,1.4,18.1,18.9,17.3,308,170,138,18,8,10,17,9,8,1,0,0,1,1.0,0
2023,43108806,89.8,9.0,1.2,19.4,15.7,24.6,329,157,172,19,11,9,17,10,7,1,1,0,1,1.0,1
2023,43108830,91.8,8.2,0.0,21.3,21.3,,213,213,0,7,7,0,10,10,0,1,1,0,1,0.0,1
2023,43108911,85.4,13.4,1.2,29.6,27.6,32.3,1097,580,517,43,17,27,37,21,16,1,1,1,1,1.0,0
2023,43108954,77.6,16.5,5.9,13.4,12.8,14.1,241,128,113,19,10,11,18,10,8,1,1,1,1,1.0,0
2023,43108970,90.0,9.4,0.6,18.4,15.6,22.0,332,156,176,16,7,10,18,10,8,1,1,1,1,1.0,0
2023,43109055,90.1,8.5,1.4,26.6,25.2,28.2,744,378,366,36,19,20,28,15,13,1,1,1,1,1.0,0
2023,43109063,87.7,12.0,0.3,22.1,23.3,21.7,420,256,164,30,19,17,19,11,8,1,1,1,1,1.0,1
2023,43109071,93.6,5.3,1.1,18.6,19.8,17.0,167,99,68,28,17,16,9,5,4,1,1,0,1,1.0,1
2023,43109080,91.0,8.9,0.1,26.1,26.8,26.6,1019,536,483,44,21,25,39,20,19,1,1,1,1,1.0,1
2023,43109098,84.8,14.4,0.8,27.1,26.9,27.8,786,403,383,34,19,21,29,15,14,1,1,1,1,1.0,1
2023,43109101,91.8,7.5,0.7,23.3,22.4,24.7,558,336,222,34,21,17,24,15,9,1,1,1,1,1.0,1
2023,43109110,87.0,13.0,0.0,7.7,5.5,8.8,46,11,35,10,3,8,6,2,4,1,1,1,1,0.0,0
2023,43109128,94.0,4.3,1.7,26.1,25.8,26.4,809,439,370,35,24,16,31,17,14,1,1,1,1,1.0,1
2023,43109144,86.6,12.5,0.9,25.6,26.1,25.8,920,575,345,50,29,28,36,22,14,1,1,1,1,1.0,1
2023,43109179,98.0,0.0,2.0,20.3,21.0,19.3,305,189,116,17,8,11,15,9,6,1,1,1,1,1.0,0
2023,43109195,95.2,4.8,0.0,20.2,22.4,17.4,363,224,139,30,21,13,18,10,8,1,1,0,1,1.0,0
2023,43109209,93.0,5.7,1.3,24.1,22.7,26.3,603,340,263,48,27,26,25,15,10,1,1,1,1,1.0,1
2023,43109217,90.7,8.4,0.9,22.5,20.4,27.1,834,469,365,54,34,26,37,23,14,1,1,1,1,1.0,0
2023,43109225,90.5,8.5,1.0,26.1,25.9,26.4,1017,595,422,58,34,27,39,23,16,1,1,1,1,1.0,1
2023,43109233,91.0,5.3,3.7,20.7,21.6,19.8,518,281,237,35,21,18,25,13,12,1,1,1,1,1.0,1
2023,43109241,100.0,0.0,0.0,15.6,15.6,,78,78,0,6,6,0,5,5,0,1,1,1,1,0.0,0
2023,43109250,77.5,21.2,1.3,21.0,20.2,22.6,315,202,113,18,10,9,15,10,5,1,1,1,1,1.0,0
2023,43109268,82.6,15.3,2.1,20.4,20.5,20.3,367,225,142,20,10,11,18,11,7,1,1,1,1,1.0,0
2023,43167179,93.9,6.1,0.0,22.1,22.9,21.7,885,481,404,55,30,31,40,21,19,1,1,1,1,1.0,0
2023,43167535,88.8,11.2,0.0,22.2,22.8,21.6,888,478,410,51,31,25,40,21,19,1,1,1,1,1.0,0
2023,43169490,92.8,4.9,2.3,19.1,21.6,20.2,612,324,288,40,20,24,32,15,17,1,1,1,1,1.0,0
2023,43171290,84.2,13.8,2.0,19.5,19.6,19.5,645,391,254,28,16,13,33,20,13,1,1,1,1,1.0,0
2023,43172474,97.7,2.3,0.0,25.1,24.5,27.1,653,368,285,44,25,22,26,15,11,1,1,1,1,1.0,0
2023,43172482,87.4,12.1,0.5,24.9,24.4,25.4,821,414,407,41,22,22,33,17,16,1,1,1,1,1.0,1
2023,43172490,93.3,5.6,1.1,26.1,25.2,26.9,938,454,484,47,26,25,36,18,18,1,1,1,1,1.0,0
2023,43173195,91.0,8.7,0.3,19.4,21.3,17.1,350,213,137,32,20,18,18,10,8,1,1,1,1,1.0,1
2023,43173306,96.2,3.8,0.0,21.8,22.0,21.6,305,132,173,24,8,17,14,6,8,1,0,0,1,1.0,0
2023,43173713,94.8,3.8,1.4,23.8,24.8,22.5,428,248,180,30,17,15,18,10,8,1,1,1,1,1.0,0
2023,43173721,94.7,4.8,0.5,26.9,26.6,27.4,754,425,329,40,24,19,28,16,12,1,1,1,1,1.0,1
2023,43174329,,,,,,,111,111,0,16,16,0,21,21,0,1,1,1,1,1.0,0
2023,43174337,,,,,,,131,131,0,15,15,0,24,24,0,1,1,1,1,1.0,1
2023,43174345,,,,,,,176,176,0,13,13,0,24,24,0,1,0,1,1,0.0,0
2023,43175120,96.4,2.2,1.4,23.7,21.8,26.9,900,457,443,50,28,29,38,21,17,0,1,1,1,1.0,0
2023,43177018,85.4,13.9,0.7,14.3,15.2,13.8,143,76,67,15,9,9,10,5,5,1,1,1,1,1.0,0
2023,43177034,93.0,7.0,0.0,24.6,24.2,26.4,911,556,355,44,28,20,37,23,14,1,1,1,1,1.0,0
2023,43177042,93.6,5.5,0.9,20.7,21.7,19.3,352,217,135,43,33,19,17,10,7,1,1,0,1,1.0,0
2023,43177581,86.7,12.6,0.7,24.9,25.4,24.2,1045,610,435,53,29,30,42,24,18,1,1,1,1,1.0,1
2023,43178995,,,,,,,100,41,59,22,0,22,14,0,14,1,1,1,1,1.0,0
2023,43179002,,,,,,,110,41,69,34,0,34,14,0,14,1,0,1,1,1.0,0
2023,43179010,,,,,,,83,46,37,27,0,27,12,0,12,1,1,0,1,1.0,1
2023,43179029,,,,,,,119,60,59,25,0,25,19,0,19,1,1,1,1,1.0,1
2023,43180523,,,,,,,27,9,18,12,5,8,8,4,4,1,1,1,1,0.0,0
2023,43180728,100.0,0.0,0.0,1.0,,1.0,1,0,1,9,0,9,1,0,1,1,1,1,1,0.0,0
2023,43183018,93.6,5.2,1.2,23.9,25.0,22.6,431,250,181,36,22,16,18,10,8,1,1,0,1,1.0,0
2023,43187560,89.2,10.8,0.0,26.2,25.6,27.7,918,537,381,43,25,24,35,21,14,1,1,1,1,1.0,0
2023,43189253,90.3,8.0,1.7,26.3,25.6,27.2,710,384,326,31,21,13,27,15,12,1,1,0,1,1.0,0
2023,43204643,89.0,10.6,0.4,25.4,24.8,26.2,737,396,341,35,21,18,29,16,13,1,1,1,1,1.0,0
2023,43208410,62.0,38.0,0.0,6.0,4.6,7.8,54,23,31,11,5,9,9,5,4,0,1,1,1,1.0,1
2023,43208428,80.6,19.4,0.0,6.8,3.0,,34,23,11,8,1,7,5,1,4,1,0,0,1,0.0,0
2023,43241000,72.7,27.3,0.0,1.8,2.5,1.3,15,8,7,14,8,12,10,5,5,1,1,1,1,1.0,1
2023,43293050,91.6,6.4,2.0,26.8,27.0,26.6,483,270,213,30,17,15,18,10,8,1,1,1,1,1.0,1
2023,43293069,95.3,4.4,0.3,25.6,26.1,24.9,869,496,373,39,22,20,34,19,15,1,1,0,1,1.0,0
